Workbook

Sheet Projekt
C2: PROJEKT ZALICZENIOWY
C8: Student1
C9: Student2
C11: Zbiór danych:
C12: Projekt został przygotowany na podstawie danych ze zbioru German Credit Data udostępnionego przez UCI Machine Learning Repository, poniżej znajduje się link do repozytorium:
C14: https://github.com/JLZml/Credit-Scoring-Data-Sets/tree/master/1.%20UCI%20Repository/German
C15: Zbiór danych został przez nas odkodowany, bazując na informacjach zawartych w repozytorium, a następnie zapisany w pliku Excel. Składał się on z 1000 obserwacji dotyczących kredytobiorców pewnego niemieckiego banku. Wybraliśmy z niego zmienne, które zostały przez nas wykorzystane do przykładów zaprezentowanych w projekcie. Ograniczony pod względem liczby zmiennych zbiór został zamieszczony w arkuszu "Dane".

Sheet Dane
A1: k | B1: czas trwania | C1: kwota kredytu | D1: wiek | E1: status plec | F1: mieszkanie | G1: klasa
A2: 1 | B2: 6 | C2: 1169 | D2: 67 | E2: mężczyzna singiel | F2: własność | G2: dobry
A3: 2 | B3: 48 | C3: 5951 | D3: 22 | E3: kobieta | F3: własność | G3: zły
A4: 3 | B4: 12 | C4: 2096 | D4: 49 | E4: mężczyzna singiel | F4: własność | G4: dobry
A5: 4 | B5: 42 | C5: 7882 | D5: 45 | E5: mężczyzna singiel | F5: za darmo | G5: dobry
A6: 5 | B6: 24 | C6: 4870 | D6: 53 | E6: mężczyzna singiel | F6: za darmo | G6: zły
A7: 6 | B7: 36 | C7: 9055 | D7: 35 | E7: mężczyzna singiel | F7: za darmo | G7: dobry
A8: 7 | B8: 24 | C8: 2835 | D8: 53 | E8: mężczyzna singiel | F8: własność | G8: dobry
A9: 8 | B9: 36 | C9: 6948 | D9: 35 | E9: mężczyzna singiel | F9: wynajem | G9: dobry
A10: 9 | B10: 12 | C10: 3059 | D10: 61 | E10: mężczyzna rozwiedziony | F10: własność | G10: dobry
A11: 10 | B11: 30 | C11: 5234 | D11: 28 | E11: mężczyzna żonaty | F11: własność | G11: zły
A12: 11 | B12: 12 | C12: 1295 | D12: 25 | E12: kobieta | F12: wynajem | G12: zły
A13: 12 | B13: 48 | C13: 4308 | D13: 24 | E13: kobieta | F13: wynajem | G13: zły
... A1001: 1000 | B1001: 45 | C1001: 4576 | D1001: 27 | E1001: mężczyzna singiel | F1001: własność | G1001: dobry

Sheet 1.1 Losowanie proste
B2: LOSOWANIE PROSTE ZE ZWRACANIEM - ESTYMACJA PROSTA
B3: Populację generalną stanowi 1000 kredytobiorców z pewnego niemieckiego banku. Badaną cechą jest czas trwania zadłużenia w miesiącach (Y). Wylosowano niezależnie próbę wstępną 200 kredytobiorców, aby oszacować średni czas trwania kredytu z błędem nie większym niż 2 miesiące oraz łączny czas trwania kredytów w populacji.
C8: y
A9: i | B9: k | C9: czas trwania | E9: Najpierw sprawdzono czy liczebność próby wstępnej jest wystarczająca do wyliczenia minimalnej liczebności próby.
A10: 1 | B10: 915 | C10: =VLOOKUP(B10,Dane!$A:$F,2,FALSE) -> 24 | E10: Użyto do tego współczynnika zmienności wariancji z próby wstępnej.
A11: 2 | B11: 612 | C11: =VLOOKUP(B11,Dane!$A:$F,2,FALSE) -> 10 | E11: N | F11: 1000
A12: 3 | B12: 290 | C12: =VLOOKUP(B12,Dane!$A:$F,2,FALSE) -> 24 | E12: n' | F12: 200
A13: 4 | B13: 926 | C13: =VLOOKUP(B13,Dane!$A:$F,2,FALSE) -> 12 | E13: d | F13: 2
A14: 5 | B14: 976 | C14: =VLOOKUP(B14,Dane!$A:$F,2,FALSE) -> 24 | E14: s'² | F14: =_xlfn.VAR.S(C10:C209) -> 124.39638
A15: 6 | B15: 891 | C15: =VLOOKUP(B15,Dane!$A:$F,2,FALSE) -> 27 | E15: β | F15: =KURT(C10:C209)+3 -> 3.7379398
A16: 7 | B16: 817 | C16: =VLOOKUP(B16,Dane!$A:$F,2,FALSE) -> 6 | E16: V(s'²) | F16: =SQRT((F15-((F12-3)/(F12-1)))/F12) -> 0.11721753 | G16: ≤0,2 => zatem liczebność próby wstępnej jest wystarczająca
A17: 8 | B17: 642 | C17: =VLOOKUP(B17,Dane!$A:$F,2,FALSE) -> 15 | E17: n | F17: =ROUNDUP(F11/(1+F11*F13^2/(4*F14)),0) -> 111 | G17: Otrzymano minimalną liczebność próby równą 111, próba wstępna ma 200 obserwacji,
A18: 9 | B18: 912 | C18: =VLOOKUP(B18,Dane!$A:$F,2,FALSE) -> 24 | G18: zatem dalsze wnioskowanie będzie oparte na próbie n = 200.
A19: 10 | B19: 106 | C19: =VLOOKUP(B19,Dane!$A:$F,2,FALSE) -> 24
A20: 11 | B20: 451 | C20: =VLOOKUP(B20,Dane!$A:$F,2,FALSE) -> 36 | E20: Szacowanie średniej:
A21: 12 | B21: 517 | C21: =VLOOKUP(B21,Dane!$A:$F,2,FALSE) -> 6 | E21: n | F21: 200
A22: 13 | B22: 325 | C22: =VLOOKUP(B22,Dane!$A:$F,2,FALSE) -> 18 | E22: ӯ | F22: =AVERAGE(C10:C209) -> 21.16
A23: 14 | B23: 148 | C23: =VLOOKUP(B23,Dane!$A:$F,2,FALSE) -> 12 | E23: s² | F23: =_xlfn.VAR.S(C10:C209) -> 124.39638
A24: 15 | B24: 633 | C24: =VLOOKUP(B24,Dane!$A:$F,2,FALSE) -> 15 | E24: ="D"&_xlfn.UNICHAR(770) & "²(ӯ)" -> D̂²(ӯ) | F24: =(1-1/F11)*F23/F21 -> 0.62135993
A25: 16 | B25: 503 | C25: =VLOOKUP(B25,Dane!$A:$F,2,FALSE) -> 9 | E25: ="D"&_xlfn.UNICHAR(770) & "(ӯ)" -> D̂(ӯ) | F25: =SQRT(F24) -> 0.78826387
A26: 17 | B26: 661 | C26: =VLOOKUP(B26,Dane!$A:$F,2,FALSE) -> 12
A27: 18 | B27: 410 | C27: =VLOOKUP(B27,Dane!$A:$F,2,FALSE) -> 12 | E27: Oszacowano średni czas trwania kredytu na około 21 miesięcy z błędem standardowym wynoszącym około 0,8 miesiąca.
A28: 19 | B28: 435 | C28: =VLOOKUP(B28,Dane!$A:$F,2,FALSE) -> 9
A29: 20 | B29: 150 | C29: =VLOOKUP(B29,Dane!$A:$F,2,FALSE) -> 18 | E29: Szacowanie sumy:
A30: 21 | B30: 226 | C30: =VLOOKUP(B30,Dane!$A:$F,2,FALSE) -> 36 | E30: ŷ | F30: =F22*F11 -> 21160
A31: 22 | B31: 783 | C31: =VLOOKUP(B31,Dane!$A:$F,2,FALSE) -> 12 | E31: ="D"&_xlfn.UNICHAR(770) & "²(ŷ)" -> D̂²(ŷ) | F31: =F24*F11^2 -> 621359.93
A32: 23 | B32: 629 | C32: =VLOOKUP(B32,Dane!$A:$F,2,FALSE) -> 42 | E32: ="D"&_xlfn.UNICHAR(770) & "(ŷ)" -> D̂(ŷ) | F32: =SQRT(F31) -> 788.26387
A33: 24 | B33: 222 | C33: =VLOOKUP(B33,Dane!$A:$F,2,FALSE) -> 12
A34: 25 | B34: 357 | C34: =VLOOKUP(B34,Dane!$A:$F,2,FALSE) -> 12 | E34: Oszacowano łączny czas trwania kredytów na około 21160 miesięcy z błędem standardowym wynoszącym około 788,3 miesięcy.
A35: 26 | B35: 299 | C35: =VLOOKUP(B35,Dane!$A:$F,2,FALSE) -> 18
A36: 27 | B36: 330 | C36: =VLOOKUP(B36,Dane!$A:$F,2,FALSE) -> 6
A37: 28 | B37: 946 | C37: =VLOOKUP(B37,Dane!$A:$F,2,FALSE) -> 48 | E37: Porównanie wariancji z próby otrzymanej z losowania ze zwracaniem z losowaniem bez zwracania.
A38: 29 | B38: 246 | C38: =VLOOKUP(B38,Dane!$A:$F,2,FALSE) -> 24
A39: 30 | B39: 464 | C39: =VLOOKUP(B39,Dane!$A:$F,2,FALSE) -> 12 | F39: =((1-1/F11)-(1-F21/F11))/(1-F21/F11) -> 0.24875
A40: 31 | B40: 339 | C40: =VLOOKUP(B40,Dane!$A:$F,2,FALSE) -> 24
A41: 32 | B41: 784 | C41: =VLOOKUP(B41,Dane!$A:$F,2,FALSE) -> 12 | E41: Zatem losowanie bez zwracania jest o około 24,9% efektywniejsze niż losowanie ze zwracaniem.
A42: 33 | B42: 726 | C42: =VLOOKUP(B42,Dane!$A:$F,2,FALSE) -> 6
A43: 34 | B43: 709 | C43: =VLOOKUP(B43,Dane!$A:$F,2,FALSE) -> 9
A44: 35 | B44: 210 | C44: =VLOOKUP(B44,Dane!$A:$F,2,FALSE) -> 12
A45: 36 | B45: 132 | C45: =VLOOKUP(B45,Dane!$A:$F,2,FALSE) -> 36
A46: 37 | B46: 891 | C46: =VLOOKUP(B46,Dane!$A:$F,2,FALSE) -> 27
A47: 38 | B47: 307 | C47: =VLOOKUP(B47,Dane!$A:$F,2,FALSE) -> 30
A48: 39 | B48: 191 | C48: =VLOOKUP(B48,Dane!$A:$F,2,FALSE) -> 24
A49: 40 | B49: 555 | C49: =VLOOKUP(B49,Dane!$A:$F,2,FALSE) -> 9
A50: 41 | B50: 391 | C50: =VLOOKUP(B50,Dane!$A:$F,2,FALSE) -> 18
A51: 42 | B51: 325 | C51: =VLOOKUP(B51,Dane!$A:$F,2,FALSE) -> 18
A52: 43 | B52: 116 | C52: =VLOOKUP(B52,Dane!$A:$F,2,FALSE) -> 48
A53: 44 | B53: 663 | C53: =VLOOKUP(B53,Dane!$A:$F,2,FALSE) -> 21
... A209: 200 | B209: 754 | C209: =VLOOKUP(B209,Dane!$A:$F,2,FALSE) -> 30

Sheet lpbz
A1: i | B1: k | C1: czas trwania | D1: kwota kredytu | E1: wiek | F1: klient | G1: losowa
A2: 1 | B2: 608 | C2: 36 | D2: 2671 | E2: 50 | F2: KZ | G2: 0.0035858301
A3: 2 | B3: 388 | C3: 18 | D3: 7374 | E3: 40 | F3: MD | G3: 0.0035985316
A4: 3 | B4: 385 | C4: 30 | D4: 4272 | E4: 26 | F4: MD | G4: 0.0038327247
A5: 4 | B5: 453 | C5: 12 | D5: 2759 | E5: 34 | F5: MD | G5: 0.0058363312
A6: 5 | B6: 169 | C6: 24 | D6: 3972 | E6: 25 | F6: KD | G6: 0.0070139727
A7: 6 | B7: 811 | C7: 8 | D7: 907 | E7: 26 | F7: MD | G7: 0.0090634301
A8: 7 | B8: 564 | C8: 36 | D8: 12389 | E8: 37 | F8: MZ | G8: 0.0097905631
A9: 8 | B9: 802 | C9: 18 | D9: 1795 | E9: 48 | F9: KD | G9: 0.0099935306
A10: 9 | B10: 136 | C10: 12 | D10: 1240 | E10: 38 | F10: KD | G10: 0.010088823
A11: 10 | B11: 597 | C11: 24 | D11: 1442 | E11: 23 | F11: KZ | G11: 0.010774678
A12: 11 | B12: 256 | C12: 60 | D12: 7418 | E12: 27 | F12: MD | G12: 0.010780852
A13: 12 | B13: 255 | C13: 9 | D13: 2030 | E13: 24 | F13: MD | G13: 0.011428858
... A1001: 1000 | B1001: 99 | C1001: 36 | D1001: 2337 | E1001: 36 | F1001: MD | G1001: 0.99797598

Sheet 1.2 Losowanie proste ez
B2: LOSOWANIE PROSTE BEZ ZWRACANIA - ESTYMACJA ZŁOŻONA
B3: Populację generalną stanowi 1000 kredytobiorców z pewnego niemieckiego banku. Badaną cechą jest czas trwania zadłużenia w miesiącach (Y) w zależności od wysokości kwoty kredytu w markach niemieckich (X1). Wylosowano bez zwracania próbę wstępną 300 kredytobiorców, aby oszacować średni czas trwania kredytu (w miesiącach) z błędem nie większym niż 2 miesiące oraz łączny czas trwania kredytów w populacji.
F7: Porównane zostaną 3 różne estymatory służące do szacowania średniej i sumy czasu trwania: estymator prosty, ilorazowy i regresyjny.
C8: y | D8: x1 | F8: Najpierw sprawdzono czy liczebność próby wstępnej jest wystarczająca do wyliczenia minimalnej liczebności próby dla każdego rodzaju estymatorów.
A9: i | B9: k | C9: czas trwania | D9: kwota kredytu | F9: Użyto do tego współczynnika zmienności wariancji z próby wstępnej.
A10: 1 | B10: 608 | C10: 36 | D10: 2671 | F10: N | G10: 1000
A11: 2 | B11: 388 | C11: 18 | D11: 7374 | F11: n' | G11: 300
A12: 3 | B12: 385 | C12: 30 | D12: 4272 | F12: d | G12: 2
A13: 4 | B13: 453 | C13: 12 | D13: 2759 | F13: ="X" & _xlfn.UNICHAR(773) -> X̅ | G13: =AVERAGE(lpbz!D2:D1001) -> 3271.258
A14: 5 | B14: 169 | C14: 24 | D14: 3972
A15: 6 | B15: 811 | C15: 8 | D15: 907 | F15: Dla estymatora prostego:
A16: 7 | B16: 564 | C16: 36 | D16: 12389 | F16: s'² | G16: =_xlfn.VAR.S(C10:C309) -> 154.96878
A17: 8 | B17: 802 | C17: 18 | D17: 1795 | F17: β | G17: =KURT(C10:C309)+3 -> 3.7590578
A18: 9 | B18: 136 | C18: 12 | D18: 1240 | F18: V(s'²) | G18: =SQRT((G17-((G11-3)/(G11-1)))/G11) -> 0.096016435 | H18: ≤0,2 => zatem liczebność próby wstępnej jest wystarczająca
A19: 10 | B19: 597 | C19: 24 | D19: 1442
A20: 11 | B20: 256 | C20: 60 | D20: 7418 | F20: Dla estymatora ilorazowego:
A21: 12 | B21: 255 | C21: 9 | D21: 2030 | F21: ="x" & _xlfn.UNICHAR(773) -> x̅ | G21: =AVERAGE(D10:D309) -> 3341.0333
A22: 13 | B22: 421 | C22: 15 | D22: 3186 | F22: s'x | G22: =_xlfn.STDEV.S(D10:D309) -> 2919.0516
A23: 14 | B23: 573 | C23: 24 | D23: 5433 | F23: ="V(" & "x" & _xlfn.UNICHAR(773) &")" -> V(x̅) | G23: =SQRT(1-(G11/G10))*((G22/G21)/SQRT(G11)) -> 0.042203586 | H23: <0,1 => zatem liczebność próby wstępnej jest wystarczająca
A24: 15 | B24: 294 | C24: 42 | D24: 4796 | F24: ="y" & _xlfn.UNICHAR(773) -> y̅ | G24: =AVERAGE(C10:C309) -> 21.166667
A25: 16 | B25: 17 | C25: 24 | D25: 2424 | F25: s'y | G25: =_xlfn.STDEV.S(C10:C309) -> 12.448646
A26: 17 | B26: 899 | C26: 15 | D26: 2186 | F26: ="V(" & "y" & _xlfn.UNICHAR(773) &")" -> V(y̅) | G26: =SQRT(1-(G11/G10))*((G25/G24)/SQRT(G11)) -> 0.028409137 | H26: <0,1 => zatem liczebność próby wstępnej jest wystarczająca
A27: 18 | B27: 232 | C27: 9 | D27: 2507 | F27: r' | G27: =G24/G21 -> 0.0063353653
A28: 19 | B28: 948 | C28: 12 | D28: 2859 | F28: c'² | G28: {=SUM((C10:C309-G27*D10:D309)^2)/(G11-1)} -> 203.30701
A29: 20 | B29: 744 | C29: 24 | D29: 2483
A30: 21 | B30: 671 | C30: 24 | D30: 4139 | F30: Dla estymatora regresyjnego:
A31: 22 | B31: 204 | C31: 12 | D31: 902 | F31: n' > 50 | G31: Próba wstępna ma więcej niż 50 obserwacji, więc jest wystarczająca.
A32: 23 | B32: 718 | C32: 18 | D32: 1505 | F32: Oszacowania współczynników regresji liniowej:
A33: 24 | B33: 472 | C33: 6 | D33: 448 | G33: b | H33: a
A34: 25 | B34: 940 | C34: 24 | D34: 6842 | G34: {=LINEST(C10:C309,D10:D309,TRUE)} -> 0.0027199637 | H34: 12.079177
A35: 26 | B35: 577 | C35: 12 | D35: 2930 | F35: s'e² | G35: {=SUM((C10:C309-G34*D10:D309-H34)^2)/(G11-1)} -> 91.929721
A36: 27 | B36: 786 | C36: 18 | D36: 1941
A37: 28 | B37: 274 | C37: 48 | D37: 3060
A38: 29 | B38: 703 | C38: 24 | D38: 1377 | F38: Wyznaczenie minimalnej liczebności próby
A39: 30 | B39: 340 | C39: 10 | D39: 1521 | G39: prosty | H39: ilorazowy | I39: regresyjny
A40: 31 | B40: 322 | C40: 24 | D40: 1938 | F40: n | G40: =ROUNDUP(G10/(1+((G10*G12^2)/(4*G16))),0) -> 135 | H40: =ROUNDUP(G10/(1+((G10*G12^2)/(9*G28))),0) -> 314 | I40: =ROUNDUP(G10/(1+((G10*G12^2)/(9*G35))),0) -> 172
A41: 32 | B41: 960 | C41: 24 | D41: 3069
A42: 33 | B42: 176 | C42: 30 | D42: 7485 | F42: W przypadku estymatora prostego i regresyjnego otrzymano, że próba z 300 obserwacjami byłaby wystarczająca,
A43: 34 | B43: 360 | C43: 30 | D43: 2406 | F43: jednak estymator ilorazowy potrzebuje minimalnej liczebności próby na poziomie 314 obserwacji,
A44: 35 | B44: 944 | C44: 4 | D44: 1455 | F44: zatem wylosowane zostaną dodatkowe 20 obserwacji (zamiast 14, dolosowane będzie 6 dodatkowych obserwacji na wszelki wypadek).
A45: 36 | B45: 743 | C45: 21 | D45: 3160
A46: 37 | B46: 412 | C46: 33 | D46: 7253 | F46: N | G46: 1000
A47: 38 | B47: 224 | C47: 24 | D47: 2978 | F47: n' | G47: 320
A48: 39 | B48: 803 | C48: 20 | D48: 4272 | F48: d | G48: 2
A49: 40 | B49: 962 | C49: 21 | D49: 2353 | F49: ="X" & _xlfn.UNICHAR(773) -> X̅ | G49: =AVERAGE(lpbz!D2:D1001) -> 3271.258
A50: 41 | B50: 654 | C50: 36 | D50: 8086
A51: 42 | B51: 559 | C51: 24 | D51: 3552 | F51: Dla estymatora prostego:
A52: 43 | B52: 747 | C52: 15 | D52: 2511 | F52: s'² | G52: =_xlfn.VAR.S(C10:C329) -> 150.3416
A53: 44 | B53: 789 | C53: 48 | D53: 6224 | F53: β | G53: =KURT(C10:C329)+3 -> 3.8272271
A54: 45 | B54: 793 | C54: 6 | D54: 1221 | F54: V(s²) | G54: =SQRT((G53-((G47-3)/(G47-1)))/G47) -> 0.094099295 | H54: ≤0,2 => zatem liczebność próby wstępnej jest wystarczająca
A55: 46 | B55: 846 | C55: 21 | D55: 3976
A56: 47 | B56: 749 | C56: 21 | D56: 5248 | F56: Dla estymatora ilorazowego:
A57: 48 | B57: 315 | C57: 4 | D57: 1494 | F57: ="x" & _xlfn.UNICHAR(773) -> x̅ | G57: =AVERAGE(D10:D329) -> 3288.6312
A58: 49 | B58: 650 | C58: 12 | D58: 684 | F58: s'x | G58: =_xlfn.STDEV.S(D10:D329) -> 2857.623
A59: 50 | B59: 371 | C59: 36 | D59: 3079 | F59: ="V(" & "x" & _xlfn.UNICHAR(773) &")" -> V(x̅) | G59: =SQRT(1-(G47/G46))*((G58/G57)/SQRT(G47)) -> 0.040056152 | H59: <0,1 => zatem liczebność próby wstępnej jest wystarczająca
A60: 51 | B60: 277 | C60: 18 | D60: 2404 | F60: ="y" & _xlfn.UNICHAR(773) -> y̅ | G60: =AVERAGE(C10:C329) -> 21.009375
A61: 52 | B61: 275 | C61: 30 | D61: 11998 | F61: s'y | G61: =_xlfn.STDEV.S(C10:C329) -> 12.261387
A62: 53 | B62: 898 | C62: 12 | D62: 1592 | F62: ="V(" & "y" & _xlfn.UNICHAR(773) &")" -> V(y̅) | G62: =SQRT(1-(G47/G46))*((G61/G60)/SQRT(G47)) -> 0.026903323 | H62: <0,1 => zatem liczebność próby wstępnej jest wystarczająca
A63: 54 | B63: 934 | C63: 12 | D63: 522 | F63: r' | G63: =G60/G57 -> 0.0063884861
A64: 55 | B64: 762 | C64: 18 | D64: 2124 | F64: c'² | G64: {=SUM((C10:C329-G63*D10:D329)^2)/(G47-1)} -> 197.51589
A65: 56 | B65: 278 | C65: 12 | D65: 1262
A66: 57 | B66: 27 | C66: 6 | D66: 426 | F66: Dla estymatora regresyjnego:
A67: 58 | B67: 327 | C67: 12 | D67: 5801 | F67: n' > 50 | G67: Próba wstępna ma więcej niż 50 obserwacji, więc jest wystarczająca.
A68: 59 | B68: 961 | C68: 6 | D68: 1740 | F68: Oszacowania współczynników regresji liniowej:
A69: 60 | B69: 118 | C69: 10 | D69: 2132 | G69: b | H69: a
A70: 61 | B70: 402 | C70: 18 | D70: 1887 | G70: {=LINEST(C10:C329,D10:D329,TRUE)} -> 0.0027421087 | H70: 11.991591
A71: 62 | B71: 391 | C71: 18 | D71: 1820 | F71: s'e² | G71: {=SUM((C10:C329-G70*D10:D329-H70)^2)/(G47-1)} -> 88.940074
A72: 63 | B72: 95 | C72: 12 | D72: 1318
A73: 64 | B73: 464 | C73: 12 | D73: 754
A74: 65 | B74: 856 | C74: 24 | D74: 1474 | F74: Wyznaczenie minimalnej liczebności próby
A75: 66 | B75: 343 | C75: 18 | D75: 3213 | G75: prosty | H75: ilorazowy | I75: regresyjny
A76: 67 | B76: 364 | C76: 6 | D76: 1766 | F76: n | G76: =ROUNDUP(G46/(1+((G46*G48^2)/(4*G52))),0) -> 131 | H76: =ROUNDUP(G46/(1+((G46*G48^2)/(9*G64))),0) -> 308 | I76: =ROUNDUP(G46/(1+((G46*G48^2)/(9*G71))),0) -> 167
A77: 68 | B77: 463 | C77: 12 | D77: 3017
A78: 69 | B78: 790 | C78: 40 | D78: 5998 | F78: Wszystkie estymatory wskazały na minimalną liczebność próby mniejszą niż 320, zatem dalsze wnioskowanie przeprowadzone zostanie na próbie 320 obserwacji.
A79: 70 | B79: 81 | C79: 24 | D79: 5943
A80: 71 | B80: 735 | C80: 4 | D80: 3380 | F80: n | G80: 320
A81: 72 | B81: 857 | C81: 10 | D81: 894
A82: 73 | B82: 855 | C82: 36 | D82: 10875 | F82: Szacowanie średniej i sumy:
A83: 74 | B83: 609 | C83: 18 | D83: 2051 | G83: prosty | H83: ilorazowy | I83: regresyjny
A84: 75 | B84: 435 | C84: 9 | D84: 2136 | F84: ӯ | G84: =AVERAGE(C10:C329) -> 21.009375 | H84: =G84*G49/G57 -> 20.898386 | I84: =G84+G70*(G49-G57) -> 20.961736
A85: 76 | B85: 742 | C85: 10 | D85: 1048 | F85: ="D"&_xlfn.UNICHAR(770) & "²(ӯ)" -> D̂²(ӯ) | G85: =(1-G80/G46)*G52/G80 -> 0.31947591 | H85: =(1-G80/G46)*G64/G80 -> 0.41972127 | I85: =(1-G80/G46)*G71/G80 -> 0.18899766
A86: 77 | B86: 980 | C86: 15 | D86: 1264 | F86: ="D"&_xlfn.UNICHAR(770) & "(ӯ)" -> D̂(ӯ) | G86: =G85^0.5 -> 0.565222 | H86: =H85^0.5 -> 0.64785899 | I86: =I85^0.5 -> 0.43473861
A87: 78 | B87: 139 | C87: 15 | D87: 2728 | F87: ŷ | G87: =G84*$G$46 -> 21009.375 | H87: =H84*$G$46 -> 20898.386 | I87: =I84*$G$46 -> 20961.736
A88: 79 | B88: 2 | C88: 48 | D88: 5951 | F88: ="D"&_xlfn.UNICHAR(770) & "²(ŷ)" -> D̂²(ŷ) | G88: =G85*$G$46^2 -> 319475.91 | H88: =H85*$G$46^2 -> 419721.27 | I88: =I85*$G$46^2 -> 188997.66
A89: 80 | B89: 384 | C89: 12 | D89: 1330 | F89: ="D"&_xlfn.UNICHAR(770) & "(ŷ)" -> D̂(ŷ) | G89: =SQRT(G88) -> 565.222 | H89: =SQRT(H88) -> 647.85899 | I89: =SQRT(I88) -> 434.73861
A90: 81 | B90: 741 | C90: 24 | D90: 2325
A91: 82 | B91: 451 | C91: 36 | D91: 11054 | F91: estymator prosty: | G91: Oszacowano średni czas trwania kredytu na około 21,01 miesięcy z błędem standardowym wynoszącym około 0,57 miesiąca.
A92: 83 | B92: 681 | C92: 6 | D92: 1538 | F92: estymator ilorazowy: | G92: Oszacowano średni czas trwania kredytu w stosunku do wysokości kwoty kredytu na około 20,90 miesięcy z błędem standardowym wynoszącym około 0,65 miesiąca.
A93: 84 | B93: 13 | C93: 12 | D93: 1567 | F93: estymator regresyjny: | G93: Oszacowano średni czas trwania kredytu w stosunku do wysokości kwoty kredytu na około 20,96 miesięcy z błędem standardowym wynoszącym około 0,43 miesiąca.
A94: 85 | B94: 221 | C94: 12 | D94: 625
A95: 86 | B95: 946 | C95: 48 | D95: 8358 | F95: estymator prosty: | G95: Oszacowano łączny czas trwania kredytów na około 21009,4 miesięcy z błędem standardowym wynoszącym około 565,22 miesięcy.
A96: 87 | B96: 206 | C96: 30 | D96: 10623 | F96: estymator ilorazowy: | G96: Oszacowano łączny czas trwania kredytów w stosunku do wysokości kwoty kredytu na około 20898,39 miesięcy z błędem standardowym wynoszącym około 647,86 miesięcy.
A97: 88 | B97: 684 | C97: 24 | D97: 5103 | F97: estymator regresyjny: | G97: Oszacowano łączny czas trwania kredytów w stosunku do wysokości kwoty kredytu na około 20961,74 miesięcy z błędem standardowym wynoszącym około 434,74 miesięcy.
A98: 89 | B98: 629 | C98: 42 | D98: 4042
A99: 90 | B99: 906 | C99: 12 | D99: 1107
A100: 91 | B100: 776 | C100: 24 | D100: 1371 | F100: Porównanie wariancji estymatorów
A101: 92 | B101: 154 | C101: 24 | D101: 7758
A102: 93 | B102: 465 | C102: 18 | D102: 1950 | G102: ilorazowy vs prosty | I102: =(H85-G85)/G85 -> 0.31378066 | K102: regresyjny vs prosty | N102: =(I85-G85)/G85 -> -0.40841343
A103: 94 | B103: 501 | C103: 24 | D103: 3123
A104: 95 | B104: 813 | C104: 36 | D104: 9629 | F104: Estymator prosty jest o około 31% bardziej efektywny niż estymator ilorazowy, ale o 41% mniej efektywny od estymatora regresyjnego.
...

Sheet 2. Losowanie proste frakcji
B2: LOSOWANIE PROSTE FRAKCJI
B3: Populację generalną stanowi 1000 kredytobiorców z pewnego niemieckiego banku. Celem badania jest uzyskanie szacunku frakcji klientów uznanych za dobrych w populacji. Wylosowano bez zwracania próbę wstępną 200 kredytobiorców i odnotowano ich ocenę (Y), aby oszacować frakcję z błędem nie większym niż 0,05 oraz podać oszacowaną liczbę dobrych klientów w populacji.
C7: y | F7: Najpierw sprawdzono czy liczebność próby wstępnej jest wystarczająca do wyliczenia minimalnej liczebności próby.
A8: i | B8: k | C8: klient | F8: Użyto do tego frakcji dobrych klientów.
A9: 1 | B9: 608 | C9: =VLOOKUP(B9,Dane!$A$1:$G$1001,7,FALSE) -> zły | D9: =IF(C9="dobry",1,0) -> 0 | F9: N | G9: 1000
A10: 2 | B10: 388 | C10: =VLOOKUP(B10,Dane!$A$1:$G$1001,7,FALSE) -> dobry | D10: =IF(C10="dobry",1,0) -> 1 | F10: n' | G10: 200
A11: 3 | B11: 385 | C11: =VLOOKUP(B11,Dane!$A$1:$G$1001,7,FALSE) -> dobry | D11: =IF(C11="dobry",1,0) -> 1 | F11: d | G11: 0.05
A12: 4 | B12: 453 | C12: =VLOOKUP(B12,Dane!$A$1:$G$1001,7,FALSE) -> dobry | D12: =IF(C12="dobry",1,0) -> 1 | F12: p' | G12: =AVERAGE(D9:D208) -> 0.715 | H12: Ponieważ p' jest w przedziale 0,2 <= P <= 0,8 to liczebność próby wstępnej n' > 60 jest wystarczająca do wyznaczenia minimalnej liczebności próby.
A13: 5 | B13: 169 | C13: =VLOOKUP(B13,Dane!$A$1:$G$1001,7,FALSE) -> dobry | D13: =IF(C13="dobry",1,0) -> 1 | F13: est(PQ) | G13: =G12*(1-G12)*(G10/(G10-1)) -> 0.20479899
A14: 6 | B14: 811 | C14: =VLOOKUP(B14,Dane!$A$1:$G$1001,7,FALSE) -> dobry | D14: =IF(C14="dobry",1,0) -> 1 | F14: n | G14: =ROUNDUP(G9/(1+(G9*G11^2)/(4*G13)),0) -> 247
A15: 7 | B15: 564 | C15: =VLOOKUP(B15,Dane!$A$1:$G$1001,7,FALSE) -> zły | D15: =IF(C15="dobry",1,0) -> 0
A16: 8 | B16: 802 | C16: =VLOOKUP(B16,Dane!$A$1:$G$1001,7,FALSE) -> dobry | D16: =IF(C16="dobry",1,0) -> 1 | F16: Otrzymano, że minimalna liczebność próby wynosi 247, zatem dolosowano dodatkowo 50 obserwacji i jeszcze raz zbadano potrzeby związane z wielkością próby.
A17: 9 | B17: 136 | C17: =VLOOKUP(B17,Dane!$A$1:$G$1001,7,FALSE) -> dobry | D17: =IF(C17="dobry",1,0) -> 1
A18: 10 | B18: 597 | C18: =VLOOKUP(B18,Dane!$A$1:$G$1001,7,FALSE) -> zły | D18: =IF(C18="dobry",1,0) -> 0 | F18: N | G18: 1000
A19: 11 | B19: 256 | C19: =VLOOKUP(B19,Dane!$A$1:$G$1001,7,FALSE) -> dobry | D19: =IF(C19="dobry",1,0) -> 1 | F19: n' | G19: 250
A20: 12 | B20: 255 | C20: =VLOOKUP(B20,Dane!$A$1:$G$1001,7,FALSE) -> dobry | D20: =IF(C20="dobry",1,0) -> 1 | F20: d | G20: 0.05
A21: 13 | B21: 421 | C21: =VLOOKUP(B21,Dane!$A$1:$G$1001,7,FALSE) -> dobry | D21: =IF(C21="dobry",1,0) -> 1 | F21: p' | G21: =AVERAGE(D9:D258) -> 0.708 | H21: Ponieważ p' jest w przedziale 0,2 <= P <= 0,8 to liczebność próby wstępnej n' > 60 jest wystarczająca do wyznaczenia minimalnej liczebności próby.
A22: 14 | B22: 573 | C22: =VLOOKUP(B22,Dane!$A$1:$G$1001,7,FALSE) -> dobry | D22: =IF(C22="dobry",1,0) -> 1 | F22: est(PQ) | G22: =G21*(1-G21)*(G19/(G19-1)) -> 0.20756627
A23: 15 | B23: 294 | C23: =VLOOKUP(B23,Dane!$A$1:$G$1001,7,FALSE) -> dobry | D23: =IF(C23="dobry",1,0) -> 1 | F23: n | G23: =ROUNDUP(G18/(1+(G18*G20^2)/(4*G22)),0) -> 250
A24: 16 | B24: 17 | C24: =VLOOKUP(B24,Dane!$A$1:$G$1001,7,FALSE) -> dobry | D24: =IF(C24="dobry",1,0) -> 1
A25: 17 | B25: 899 | C25: =VLOOKUP(B25,Dane!$A$1:$G$1001,7,FALSE) -> dobry | D25: =IF(C25="dobry",1,0) -> 1 | F25: Otrzymano, że minimalna liczebność próby wynosi 250, zatem nasza próba jest wystarczająca do dalszego wnioskowania.
A26: 18 | B26: 232 | C26: =VLOOKUP(B26,Dane!$A$1:$G$1001,7,FALSE) -> dobry | D26: =IF(C26="dobry",1,0) -> 1
A27: 19 | B27: 948 | C27: =VLOOKUP(B27,Dane!$A$1:$G$1001,7,FALSE) -> dobry | D27: =IF(C27="dobry",1,0) -> 1 | F27: Estymacja punktowa frakcji
A28: 20 | B28: 744 | C28: =VLOOKUP(B28,Dane!$A$1:$G$1001,7,FALSE) -> dobry | D28: =IF(C28="dobry",1,0) -> 1 | F28: ="D"&_xlfn.UNICHAR(770) & "²(p)" -> D̂²(p) | G28: =(G18-G19)*G22/(G18*(G19-1)) -> 0.00062519959
A29: 21 | B29: 671 | C29: =VLOOKUP(B29,Dane!$A$1:$G$1001,7,FALSE) -> dobry | D29: =IF(C29="dobry",1,0) -> 1 | F29: ="D"&_xlfn.UNICHAR(770) & "(p)" -> D̂(p) | G29: =SQRT(G28) -> 0.025003992
A30: 22 | B30: 204 | C30: =VLOOKUP(B30,Dane!$A$1:$G$1001,7,FALSE) -> zły | D30: =IF(C30="dobry",1,0) -> 0
A31: 23 | B31: 718 | C31: =VLOOKUP(B31,Dane!$A$1:$G$1001,7,FALSE) -> dobry | D31: =IF(C31="dobry",1,0) -> 1 | F31: Oszacowano frakcję dobrych klientów banku na poziomie 0,708 z możliwością popełnienia błędu średnio o 0,025.
A32: 24 | B32: 472 | C32: =VLOOKUP(B32,Dane!$A$1:$G$1001,7,FALSE) -> zły | D32: =IF(C32="dobry",1,0) -> 0
A33: 25 | B33: 940 | C33: =VLOOKUP(B33,Dane!$A$1:$G$1001,7,FALSE) -> dobry | D33: =IF(C33="dobry",1,0) -> 1 | F33: Przedziałowy szacunek frakcji
A34: 26 | B34: 577 | C34: =VLOOKUP(B34,Dane!$A$1:$G$1001,7,FALSE) -> dobry | D34: =IF(C34="dobry",1,0) -> 1 | F34: 1 - α | G34: 0.95
A35: 27 | B35: 786 | C35: =VLOOKUP(B35,Dane!$A$1:$G$1001,7,FALSE) -> dobry | D35: =IF(C35="dobry",1,0) -> 1 | F35: α | G35: 0.05
A36: 28 | B36: 274 | C36: =VLOOKUP(B36,Dane!$A$1:$G$1001,7,FALSE) -> zły | D36: =IF(C36="dobry",1,0) -> 0 | F36: z | G36: =_xlfn.NORM.S.INV(1-G35/2) -> 1.959964
A37: 29 | B37: 703 | C37: =VLOOKUP(B37,Dane!$A$1:$G$1001,7,FALSE) -> dobry | D37: =IF(C37="dobry",1,0) -> 1
A38: 30 | B38: 340 | C38: =VLOOKUP(B38,Dane!$A$1:$G$1001,7,FALSE) -> dobry | D38: =IF(C38="dobry",1,0) -> 1 | F38: dolna granica | G38: =G21-G36*G29 -> 0.65899308 | I38: Rzeczywista frakcja dobrych klientów na 95% znajduje się w przedziale (0,659;0,757).
A39: 31 | B39: 322 | C39: =VLOOKUP(B39,Dane!$A$1:$G$1001,7,FALSE) -> zły | D39: =IF(C39="dobry",1,0) -> 0 | F39: górna granica | G39: =G21+G36*G29 -> 0.75700692
A40: 32 | B40: 960 | C40: =VLOOKUP(B40,Dane!$A$1:$G$1001,7,FALSE) -> dobry | D40: =IF(C40="dobry",1,0) -> 1
A41: 33 | B41: 176 | C41: =VLOOKUP(B41,Dane!$A$1:$G$1001,7,FALSE) -> zły | D41: =IF(C41="dobry",1,0) -> 0 | F41: Liczba jednostek wyróżnionych w losowaniu prostym
A42: 34 | B42: 360 | C42: =VLOOKUP(B42,Dane!$A$1:$G$1001,7,FALSE) -> zły | D42: =IF(C42="dobry",1,0) -> 0 | F42: Np | G42: =G21*G18 -> 708
A43: 35 | B43: 944 | C43: =VLOOKUP(B43,Dane!$A$1:$G$1001,7,FALSE) -> dobry | D43: =IF(C43="dobry",1,0) -> 1 | F43: ="D"&_xlfn.UNICHAR(770) & "²(p)" -> D̂²(p) | G43: =G28*G18^2 -> 625.19959
A44: 36 | B44: 743 | C44: =VLOOKUP(B44,Dane!$A$1:$G$1001,7,FALSE) -> dobry | D44: =IF(C44="dobry",1,0) -> 1 | F44: ="D"&_xlfn.UNICHAR(770) & "(p)" -> D̂(p) | G44: =SQRT(G43) -> 25.003992
A45: 37 | B45: 412 | C45: =VLOOKUP(B45,Dane!$A$1:$G$1001,7,FALSE) -> dobry | D45: =IF(C45="dobry",1,0) -> 1
A46: 38 | B46: 224 | C46: =VLOOKUP(B46,Dane!$A$1:$G$1001,7,FALSE) -> dobry | D46: =IF(C46="dobry",1,0) -> 1 | F46: Oszacowano około 708 osób jako dobrych klientów z możliwością popełnienia błędu średnio o 25 osób.
A47: 39 | B47: 803 | C47: =VLOOKUP(B47,Dane!$A$1:$G$1001,7,FALSE) -> dobry | D47: =IF(C47="dobry",1,0) -> 1
A48: 40 | B48: 962 | C48: =VLOOKUP(B48,Dane!$A$1:$G$1001,7,FALSE) -> dobry | D48: =IF(C48="dobry",1,0) -> 1
A49: 41 | B49: 654 | C49: =VLOOKUP(B49,Dane!$A$1:$G$1001,7,FALSE) -> zły | D49: =IF(C49="dobry",1,0) -> 0
A50: 42 | B50: 559 | C50: =VLOOKUP(B50,Dane!$A$1:$G$1001,7,FALSE) -> zły | D50: =IF(C50="dobry",1,0) -> 0
A51: 43 | B51: 747 | C51: =VLOOKUP(B51,Dane!$A$1:$G$1001,7,FALSE) -> dobry | D51: =IF(C51="dobry",1,0) -> 1
A52: 44 | B52: 789 | C52: =VLOOKUP(B52,Dane!$A$1:$G$1001,7,FALSE) -> zły | D52: =IF(C52="dobry",1,0) -> 0
A53: 45 | B53: 793 | C53: =VLOOKUP(B53,Dane!$A$1:$G$1001,7,FALSE) -> dobry | D53: =IF(C53="dobry",1,0) -> 1
A54: 46 | B54: 846 | C54: =VLOOKUP(B54,Dane!$A$1:$G$1001,7,FALSE) -> dobry | D54: =IF(C54="dobry",1,0) -> 1
A55: 47 | B55: 749 | C55: =VLOOKUP(B55,Dane!$A$1:$G$1001,7,FALSE) -> dobry | D55: =IF(C55="dobry",1,0) -> 1
A56: 48 | B56: 315 | C56: =VLOOKUP(B56,Dane!$A$1:$G$1001,7,FALSE) -> dobry | D56: =IF(C56="dobry",1,0) -> 1
A57: 49 | B57: 650 | C57: =VLOOKUP(B57,Dane!$A$1:$G$1001,7,FALSE) -> zły | D57: =IF(C57="dobry",1,0) -> 0
A58: 50 | B58: 371 | C58: =VLOOKUP(B58,Dane!$A$1:$G$1001,7,FALSE) -> dobry | D58: =IF(C58="dobry",1,0) -> 1
... A258: 250 | B258: 470 | C258: =VLOOKUP(B258,Dane!$A$1:$G$1001,7,FALSE) -> dobry | D258: =IF(C258="dobry",1,0) -> 1

Sheet lw
A1: k | B1: czas trwania | C1: kwota kredytu | D1: wiek | E1: status plec | F1: mieszkanie | G1: klasa
A2: 1 | B2: 6 | C2: 1169 | D2: 67 | E2: mężczyzna singiel | F2: własność | G2: dobry
A3: 2 | B3: 48 | C3: 5951 | D3: 22 | E3: kobieta | F3: własność | G3: zły
A4: 3 | B4: 12 | C4: 2096 | D4: 49 | E4: mężczyzna singiel | F4: własność | G4: dobry
A5: 4 | B5: 42 | C5: 7882 | D5: 45 | E5: mężczyzna singiel | F5: za darmo | G5: dobry
A6: 5 | B6: 24 | C6: 4870 | D6: 53 | E6: mężczyzna singiel | F6: za darmo | G6: zły
A7: 6 | B7: 36 | C7: 9055 | D7: 35 | E7: mężczyzna singiel | F7: za darmo | G7: dobry
A8: 7 | B8: 24 | C8: 2835 | D8: 53 | E8: mężczyzna singiel | F8: własność | G8: dobry
A9: 8 | B9: 36 | C9: 6948 | D9: 35 | E9: mężczyzna singiel | F9: wynajem | G9: dobry
A10: 9 | B10: 12 | C10: 3059 | D10: 61 | E10: mężczyzna rozwiedziony | F10: własność | G10: dobry
A11: 10 | B11: 30 | C11: 5234 | D11: 28 | E11: mężczyzna żonaty | F11: własność | G11: zły
A12: 11 | B12: 12 | C12: 1295 | D12: 25 | E12: kobieta | F12: wynajem | G12: zły
A13: 12 | B13: 48 | C13: 4308 | D13: 24 | E13: kobieta | F13: wynajem | G13: zły
... A1001: 1000 | B1001: 45 | C1001: 4576 | D1001: 27 | E1001: mężczyzna singiel | F1001: własność | G1001: dobry

Sheet MD
A1: i | B1: k | C1: klasa | D1: czas trwania | E1: kwota kredytu | F1: wiek | G1: status plec | H1: mieszkanie | I1: losowa
A2: 1 | B2: 249 | C2: dobry | D2: 24 | E2: 1925 | F2: 26 | G2: mężczyzna singiel | H2: własność | I2: 0.00099328329
A3: 2 | B3: 774 | C3: dobry | D3: 24 | E3: 2223 | F3: 52 | G3: mężczyzna singiel | H3: własność | I3: 0.0062152714
A4: 3 | B4: 894 | C4: dobry | D4: 36 | E4: 5800 | F4: 34 | G4: mężczyzna singiel | H4: własność | I4: 0.0078588444
A5: 4 | B5: 124 | C5: dobry | D5: 10 | E5: 781 | F5: 63 | G5: mężczyzna singiel | H5: za darmo | I5: 0.0084110638
A6: 5 | B6: 887 | C6: dobry | D6: 24 | E6: 2825 | F6: 34 | G6: mężczyzna singiel | H6: własność | I6: 0.020488356
A7: 6 | B7: 265 | C7: dobry | D7: 10 | E7: 1231 | F7: 32 | G7: mężczyzna singiel | H7: własność | I7: 0.026310724
A8: 7 | B8: 907 | C8: dobry | D8: 21 | E8: 3763 | F8: 24 | G8: mężczyzna singiel | H8: własność | I8: 0.026703653
A9: 8 | B9: 811 | C9: dobry | D9: 8 | E9: 907 | F9: 26 | G9: mężczyzna żonaty | H9: własność | I9: 0.033348588
A10: 9 | B10: 831 | C10: dobry | D10: 24 | E10: 2375 | F10: 44 | G10: mężczyzna singiel | H10: własność | I10: 0.037695701
A11: 10 | B11: 34 | C11: dobry | D11: 12 | E11: 1264 | F11: 57 | G11: mężczyzna singiel | H11: wynajem | I11: 0.038763829
A12: 11 | B12: 587 | C12: dobry | D12: 9 | E12: 2799 | F12: 36 | G12: mężczyzna singiel | H12: wynajem | I12: 0.039225189
A13: 12 | B13: 561 | C13: dobry | D13: 24 | E13: 2964 | F13: 49 | G13: mężczyzna singiel | H13: za darmo | I13: 0.041061042
... A500: 499 | B500: 104 | C500: dobry | D500: 9 | E500: 1919 | F500: 35 | G500: mężczyzna singiel | H500: wynajem | I500: 0.99834757

Sheet MZ
A1: i | B1: k | C1: klasa | D1: czas trwania | E1: kwota kredytu | F1: wiek | G1: status plec | H1: mieszkanie | I1: losowa
A2: 1 | B2: 553 | C2: zły | D2: 48 | E2: 6999 | F2: 34 | G2: mężczyzna żonaty | H2: własność | I2: 0.0011334509
A3: 2 | B3: 590 | C3: zły | D3: 12 | E3: 2246 | F3: 60 | G3: mężczyzna singiel | H3: własność | I3: 0.0048299448
A4: 3 | B4: 274 | C4: zły | D4: 48 | E4: 3060 | F4: 28 | G4: mężczyzna singiel | H4: własność | I4: 0.012001765
A5: 4 | B5: 399 | C5: zły | D5: 12 | E5: 1223 | F5: 46 | G5: mężczyzna rozwiedziony | H5: wynajem | I5: 0.014587184
A6: 5 | B6: 191 | C6: zły | D6: 24 | E6: 4591 | F6: 54 | G6: mężczyzna singiel | H6: własność | I6: 0.034703088
A7: 6 | B7: 138 | C7: zły | D7: 12 | E7: 766 | F7: 66 | G7: mężczyzna singiel | H7: własność | I7: 0.036917125
A8: 7 | B8: 541 | C8: zły | D8: 12 | E8: 1534 | F8: 23 | G8: mężczyzna żonaty | H8: wynajem | I8: 0.039962116
A9: 8 | B9: 475 | C9: zły | D9: 18 | E9: 1245 | F9: 33 | G9: mężczyzna żonaty | H9: własność | I9: 0.044786046
A10: 9 | B10: 231 | C10: zły | D10: 36 | E10: 4210 | F10: 26 | G10: mężczyzna singiel | H10: własność | I10: 0.046169005
A11: 10 | B11: 598 | C11: zły | D11: 24 | E11: 4241 | F11: 36 | G11: mężczyzna singiel | H11: własność | I11: 0.049477943
A12: 11 | B12: 290 | C12: zły | D12: 24 | E12: 1024 | F12: 48 | G12: mężczyzna żonaty | H12: własność | I12: 0.053256505
A13: 12 | B13: 132 | C13: zły | D13: 36 | E13: 6887 | F13: 29 | G13: mężczyzna singiel | H13: własność | I13: 0.068056855
... A192: 191 | B192: 979 | C192: zły | D192: 24 | E192: 2538 | F192: 47 | G192: mężczyzna singiel | H192: własność | I192: 0.98947508

Sheet KD
A1: i | B1: k | C1: klasa | D1: czas trwania | E1: kwota kredytu | F1: wiek | G1: status plec | H1: mieszkanie | I1: losowa
A2: 1 | B2: 733 | C2: dobry | D2: 8 | E2: 760 | F2: 44 | G2: kobieta | H2: własność | I2: 0.001465756
A3: 2 | B3: 212 | C3: dobry | D3: 36 | E3: 3835 | F3: 45 | G3: kobieta | H3: własność | I3: 0.0073352072
A4: 3 | B4: 706 | C4: dobry | D4: 15 | E4: 5324 | F4: 35 | G4: kobieta | H4: za darmo | I4: 0.013940572
A5: 4 | B5: 538 | C5: dobry | D5: 18 | E5: 3612 | F5: 37 | G5: kobieta | H5: własność | I5: 0.020133869
A6: 5 | B6: 761 | C6: dobry | D6: 15 | E6: 5045 | F6: 59 | G6: kobieta | H6: własność | I6: 0.032058233
A7: 6 | B7: 370 | C7: dobry | D7: 18 | E7: 3001 | F7: 40 | G7: kobieta | H7: wynajem | I7: 0.034007576
A8: 7 | B8: 874 | C8: dobry | D8: 15 | E8: 874 | F8: 24 | G8: kobieta | H8: własność | I8: 0.037331717
A9: 8 | B9: 50 | C9: dobry | D9: 12 | E9: 2073 | F9: 28 | G9: kobieta | H9: własność | I9: 0.039664522
A10: 9 | B10: 576 | C10: dobry | D10: 15 | E10: 2788 | F10: 24 | G10: kobieta | H10: własność | I10: 0.040750155
A11: 10 | B11: 516 | C11: dobry | D11: 6 | E11: 609 | F11: 37 | G11: kobieta | H11: własność | I11: 0.04768875
A12: 11 | B12: 469 | C12: dobry | D12: 33 | E12: 2764 | F12: 26 | G12: kobieta | H12: własność | I12: 0.049726156
A13: 12 | B13: 346 | C13: dobry | D13: 15 | E13: 1459 | F13: 43 | G13: kobieta | H13: własność | I13: 0.052666242
... A202: 201 | B202: 525 | C202: dobry | D202: 18 | E202: 1113 | F202: 26 | G202: kobieta | H202: własność | I202: 0.99908437

Sheet KZ
A1: i | B1: k | C1: klasa | D1: czas trwania | E1: kwota kredytu | F1: wiek | G1: status plec | H1: mieszkanie | I1: losowa
A2: 1 | B2: 843 | C2: zły | D2: 18 | E2: 1943 | F2: 23 | G2: kobieta | H2: własność | I2: 0.0033207095
A3: 2 | B3: 912 | C3: zły | D3: 24 | E3: 4736 | F3: 25 | G3: kobieta | H3: własność | I3: 0.018722149
A4: 3 | B4: 558 | C4: zły | D4: 21 | E4: 5003 | F4: 29 | G4: kobieta | H4: własność | I4: 0.028418802
A5: 4 | B5: 723 | C5: zły | D5: 12 | E5: 1228 | F5: 24 | G5: kobieta | H5: własność | I5: 0.077739703
A6: 5 | B6: 12 | C6: zły | D6: 48 | E6: 4308 | F6: 24 | G6: kobieta | H6: wynajem | I6: 0.10787452
A7: 6 | B7: 608 | C7: zły | D7: 36 | E7: 2671 | F7: 50 | G7: kobieta | H7: za darmo | I7: 0.12008728
A8: 7 | B8: 762 | C8: zły | D8: 18 | E8: 2124 | F8: 24 | G8: kobieta | H8: wynajem | I8: 0.12091199
A9: 8 | B9: 60 | C9: zły | D9: 36 | E9: 6229 | F9: 23 | G9: kobieta | H9: wynajem | I9: 0.14479457
A10: 9 | B10: 532 | C10: zły | D10: 15 | E10: 2631 | F10: 28 | G10: kobieta | H10: wynajem | I10: 0.15033154
A11: 10 | B11: 425 | C11: zły | D11: 12 | E11: 2762 | F11: 25 | G11: kobieta | H11: własność | I11: 0.17464041
A12: 11 | B12: 430 | C12: zły | D12: 18 | E12: 1190 | F12: 55 | G12: kobieta | H12: za darmo | I12: 0.18427153
A13: 12 | B13: 729 | C13: zły | D13: 48 | E13: 6416 | F13: 59 | G13: kobieta | H13: wynajem | I13: 0.18573654
... A110: 109 | B110: 476 | C110: zły | D110: 18 | E110: 3114 | F110: 26 | G110: kobieta | H110: wynajem | I110: 0.99310172

Sheet 3.1 Losowanie warstwowe PROP
B2: LOSOWANIE WARSTWOWE - LOKALIZACJA PROPORCJONALNA
B3: Populację generalną stanowi 1000 kredytobiorców z pewnego niemieckiego banku. Populacja ta została podzielona na 4 warstwy względem płci i oceny klienta (X1). Badaną cechą jest czas trwania zadłużenia klienta w miesiącach (Y). Wylosowano bez zwracania próbę wstępną 200 kredytobiorców stosując lokalizację proporcjonalną próby, aby oszacować średni czas trwania kredytu oraz łączny czas trwania kredytów w populacji z błędem nie większym niż 2 miesiące.
C8: x1 | D8: y
A9: i | B9: k | C9: klient | D9: czas trwania | F9: Struktura populacji | J9: Struktura próby
A10: 1 | B10: 249 | C10: MD | D10: =VLOOKUP('3.1 Losowanie warstwowe PROP'!B10,lw!$A$1:$G$1001,2,FALSE) -> 24 | G10: Płeć | K10: Płeć
A11: 2 | B11: 774 | C11: MD | D11: =VLOOKUP('3.1 Losowanie warstwowe PROP'!B11,lw!$A$1:$G$1001,2,FALSE) -> 24 | F11: klient | G11: M | H11: K | J11: klient | K11: M | L11: K
A12: 3 | B12: 894 | C12: MD | D12: =VLOOKUP('3.1 Losowanie warstwowe PROP'!B12,lw!$A$1:$G$1001,2,FALSE) -> 36 | F12: dobry | G12: =G17/$G$21 -> 0.499 | H12: =G19/$G$21 -> 0.201 | J12: dobry | K12: =I17/$I$21 -> 0.5 | L12: =I19/$I$21 -> 0.2
A13: 4 | B13: 124 | C13: MD | D13: =VLOOKUP('3.1 Losowanie warstwowe PROP'!B13,lw!$A$1:$G$1001,2,FALSE) -> 10 | F13: zły | G13: =G18/$G$21 -> 0.191 | H13: =G20/$G$21 -> 0.109 | J13: zły | K13: =I18/$I$21 -> 0.19 | L13: =I20/$I$21 -> 0.11
A14: 5 | B14: 887 | C14: MD | D14: =VLOOKUP('3.1 Losowanie warstwowe PROP'!B14,lw!$A$1:$G$1001,2,FALSE) -> 24
A15: 6 | B15: 265 | C15: MD | D15: =VLOOKUP('3.1 Losowanie warstwowe PROP'!B15,lw!$A$1:$G$1001,2,FALSE) -> 10 | F15: Wyznaczono wagi i liczebności warstw w próbie oraz wariancje dla poszczególnych warstw.
A16: 7 | B16: 907 | C16: MD | D16: =VLOOKUP('3.1 Losowanie warstwowe PROP'!B16,lw!$A$1:$G$1001,2,FALSE) -> 21 | F16: Warstwa | G16: Nh | H16: Wh | I16: n'h | J16: s'h2
A17: 8 | B17: 811 | C17: MD | D17: =VLOOKUP('3.1 Losowanie warstwowe PROP'!B17,lw!$A$1:$G$1001,2,FALSE) -> 8 | F17: MD | G17: 499 | H17: =G17/$G$21 -> 0.499 | I17: =ROUND(H17*$G$25,0) -> 100 | J17: {=_xlfn.VAR.S(IF($C$10:$C$209=F17,$D$10:$D$209,""))} -> 136.33081
A18: 9 | B18: 831 | C18: MD | D18: =VLOOKUP('3.1 Losowanie warstwowe PROP'!B18,lw!$A$1:$G$1001,2,FALSE) -> 24 | F18: MZ | G18: 191 | H18: =G18/$G$21 -> 0.191 | I18: =ROUND(H18*$G$25,0) -> 38 | J18: {=_xlfn.VAR.S(IF($C$10:$C$209=F18,$D$10:$D$209,""))} -> 177.90114
A19: 10 | B19: 34 | C19: MD | D19: =VLOOKUP('3.1 Losowanie warstwowe PROP'!B19,lw!$A$1:$G$1001,2,FALSE) -> 12 | F19: KD | G19: 201 | H19: =G19/$G$21 -> 0.201 | I19: =ROUND(H19*$G$25,0) -> 40 | J19: {=_xlfn.VAR.S(IF($C$10:$C$209=F19,$D$10:$D$209,""))} -> 88.625
A20: 11 | B20: 587 | C20: MD | D20: =VLOOKUP('3.1 Losowanie warstwowe PROP'!B20,lw!$A$1:$G$1001,2,FALSE) -> 9 | F20: KZ | G20: 109 | H20: =G20/$G$21 -> 0.109 | I20: =ROUND(H20*$G$25,0) -> 22 | J20: {=_xlfn.VAR.S(IF($C$10:$C$209=F20,$D$10:$D$209,""))} -> 208.53896
A21: 12 | B21: 561 | C21: MD | D21: =VLOOKUP('3.1 Losowanie warstwowe PROP'!B21,lw!$A$1:$G$1001,2,FALSE) -> 24 | F21: Suma: | G21: =SUM(G17:G20) -> 1000 | H21: =SUM(H17:H20) -> 1 | I21: =SUM(I17:I20) -> 200
A22: 13 | B22: 934 | C22: MD | D22: =VLOOKUP('3.1 Losowanie warstwowe PROP'!B22,lw!$A$1:$G$1001,2,FALSE) -> 12 | H22: wzór 39
A23: 14 | B23: 515 | C23: MD | D23: =VLOOKUP('3.1 Losowanie warstwowe PROP'!B23,lw!$A$1:$G$1001,2,FALSE) -> 24 | F23: N | G23: 1000 | I23: Wyznaczenie minimalnej liczebności próby
A24: 15 | B24: 8 | C24: MD | D24: =VLOOKUP('3.1 Losowanie warstwowe PROP'!B24,lw!$A$1:$G$1001,2,FALSE) -> 36 | F24: d | G24: 2 | I24: s'w2 | J24: =SUMPRODUCT(J17:J20,H17:H20) -> 142.55256
A25: 16 | B25: 610 | C25: MD | D25: =VLOOKUP('3.1 Losowanie warstwowe PROP'!B25,lw!$A$1:$G$1001,2,FALSE) -> 15 | F25: n' | G25: 200 | I25: nprop | J25: =ROUNDUP(J24/(G24^2/4+J24/G23),0) -> 125
A26: 17 | B26: 40 | C26: MD | D26: =VLOOKUP('3.1 Losowanie warstwowe PROP'!B26,lw!$A$1:$G$1001,2,FALSE) -> 9 | F26: n | G26: 200 | I26: Otrzymano minimalną liczebność próby na poziomie 125 obserwacji, zatem dalsze wnioskowanie będzie oparte na próbie 200 obserwacji.
A27: 18 | B27: 324 | C27: MD | D27: =VLOOKUP('3.1 Losowanie warstwowe PROP'!B27,lw!$A$1:$G$1001,2,FALSE) -> 18
A28: 19 | B28: 158 | C28: MD | D28: =VLOOKUP('3.1 Losowanie warstwowe PROP'!B28,lw!$A$1:$G$1001,2,FALSE) -> 12 | F28: Szacowanie średniej:
A29: 20 | B29: 208 | C29: MD | D29: =VLOOKUP('3.1 Losowanie warstwowe PROP'!B29,lw!$A$1:$G$1001,2,FALSE) -> 12 | F29: ӯw | G29: =AVERAGE(D10:D209) -> 21.43
A30: 21 | B30: 699 | C30: MD | D30: =VLOOKUP('3.1 Losowanie warstwowe PROP'!B30,lw!$A$1:$G$1001,2,FALSE) -> 18 | F30: sw2 | G30: =SUMPRODUCT(H17:H20,J17:J20) -> 142.55256
A31: 22 | B31: 246 | C31: MD | D31: =VLOOKUP('3.1 Losowanie warstwowe PROP'!B31,lw!$A$1:$G$1001,2,FALSE) -> 24 | F31: ="D" & _xlfn.UNICHAR(770) & "²prop(" & "y" & _xlfn.UNICHAR(773) & "w)" -> D̂²prop(y̅w) | G31: =(1-G26/G23)*(G30/G26) -> 0.57021025
A32: 23 | B32: 801 | C32: MD | D32: =VLOOKUP('3.1 Losowanie warstwowe PROP'!B32,lw!$A$1:$G$1001,2,FALSE) -> 24 | F32: ="D" & _xlfn.UNICHAR(770) & "prop(" & "y" & _xlfn.UNICHAR(773) & "w)" -> D̂prop(y̅w) | G32: =SQRT(G31) -> 0.75512267
A33: 24 | B33: 914 | C33: MD | D33: =VLOOKUP('3.1 Losowanie warstwowe PROP'!B33,lw!$A$1:$G$1001,2,FALSE) -> 11
A34: 25 | B34: 519 | C34: MD | D34: =VLOOKUP('3.1 Losowanie warstwowe PROP'!B34,lw!$A$1:$G$1001,2,FALSE) -> 6 | F34: Oszacowano średni czas trwania kredytu na około 21,43 miesięcy z błędem standardowym wynoszącym około 0,76 miesiąca.
A35: 26 | B35: 217 | C35: MD | D35: =VLOOKUP('3.1 Losowanie warstwowe PROP'!B35,lw!$A$1:$G$1001,2,FALSE) -> 18
A36: 27 | B36: 892 | C36: MD | D36: =VLOOKUP('3.1 Losowanie warstwowe PROP'!B36,lw!$A$1:$G$1001,2,FALSE) -> 15 | F36: Szacowanie sumy:
A37: 28 | B37: 609 | C37: MD | D37: =VLOOKUP('3.1 Losowanie warstwowe PROP'!B37,lw!$A$1:$G$1001,2,FALSE) -> 18 | F37: ŷ | G37: =G29*G23 -> 21430
A38: 29 | B38: 548 | C38: MD | D38: =VLOOKUP('3.1 Losowanie warstwowe PROP'!B38,lw!$A$1:$G$1001,2,FALSE) -> 24 | F38: ="D"&_xlfn.UNICHAR(770) & "²(ŷ)" -> D̂²(ŷ) | G38: =G31*G23^2 -> 570210.25
A39: 30 | B39: 719 | C39: MD | D39: =VLOOKUP('3.1 Losowanie warstwowe PROP'!B39,lw!$A$1:$G$1001,2,FALSE) -> 24 | F39: ="D"&_xlfn.UNICHAR(770) & "(ŷ)" -> D̂(ŷ) | G39: =SQRT(G38) -> 755.12267
A40: 31 | B40: 679 | C40: MD | D40: =VLOOKUP('3.1 Losowanie warstwowe PROP'!B40,lw!$A$1:$G$1001,2,FALSE) -> 24
A41: 32 | B41: 32 | C41: MD | D41: =VLOOKUP('3.1 Losowanie warstwowe PROP'!B41,lw!$A$1:$G$1001,2,FALSE) -> 24 | F41: Oszacowano łączny czas trwania kredytów na około 21430 miesięcy z z błędem standardowym wynoszącym około 755,12 miesięcy.
A42: 33 | B42: 340 | C42: MD | D42: =VLOOKUP('3.1 Losowanie warstwowe PROP'!B42,lw!$A$1:$G$1001,2,FALSE) -> 10
A43: 34 | B43: 785 | C43: MD | D43: =VLOOKUP('3.1 Losowanie warstwowe PROP'!B43,lw!$A$1:$G$1001,2,FALSE) -> 20 | F43: Porównanie z losowaniem prostym
A44: 35 | B44: 454 | C44: MD | D44: =VLOOKUP('3.1 Losowanie warstwowe PROP'!B44,lw!$A$1:$G$1001,2,FALSE) -> 24 | F44: s² | G44: =_xlfn.VAR.S(D10:D209) -> 151.78402
A45: 36 | B45: 285 | C45: MD | D45: =VLOOKUP('3.1 Losowanie warstwowe PROP'!B45,lw!$A$1:$G$1001,2,FALSE) -> 24 | F45: ="D" & _xlfn.UNICHAR(770) & "²(" & "y" & _xlfn.UNICHAR(773) & ")" -> D̂²(y̅) | G45: =(1-G26/G23)*(G44/G26) -> 0.60713608
A46: 37 | B46: 108 | C46: MD | D46: =VLOOKUP('3.1 Losowanie warstwowe PROP'!B46,lw!$A$1:$G$1001,2,FALSE) -> 12
A47: 38 | B47: 160 | C47: MD | D47: =VLOOKUP('3.1 Losowanie warstwowe PROP'!B47,lw!$A$1:$G$1001,2,FALSE) -> 6
A48: 39 | B48: 393 | C48: MD | D48: =VLOOKUP('3.1 Losowanie warstwowe PROP'!B48,lw!$A$1:$G$1001,2,FALSE) -> 36 | G48: =(G31-G45)/G45 -> -0.060819695
A49: 40 | B49: 378 | C49: MD | D49: =VLOOKUP('3.1 Losowanie warstwowe PROP'!B49,lw!$A$1:$G$1001,2,FALSE) -> 7
A50: 41 | B50: 477 | C50: MD | D50: =VLOOKUP('3.1 Losowanie warstwowe PROP'!B50,lw!$A$1:$G$1001,2,FALSE) -> 39 | F50: Losowanie warstwowe jest w tym przypadku o około 6% efektywniejsze od losowania prostego.
A51: 42 | B51: 994 | C51: MD | D51: =VLOOKUP('3.1 Losowanie warstwowe PROP'!B51,lw!$A$1:$G$1001,2,FALSE) -> 36
A52: 43 | B52: 126 | C52: MD | D52: =VLOOKUP('3.1 Losowanie warstwowe PROP'!B52,lw!$A$1:$G$1001,2,FALSE) -> 12
A53: 44 | B53: 24 | C53: MD | D53: =VLOOKUP('3.1 Losowanie warstwowe PROP'!B53,lw!$A$1:$G$1001,2,FALSE) -> 12
A54: 45 | B54: 443 | C54: MD | D54: =VLOOKUP('3.1 Losowanie warstwowe PROP'!B54,lw!$A$1:$G$1001,2,FALSE) -> 20
A55: 46 | B55: 700 | C55: MD | D55: =VLOOKUP('3.1 Losowanie warstwowe PROP'!B55,lw!$A$1:$G$1001,2,FALSE) -> 15
A56: 47 | B56: 503 | C56: MD | D56: =VLOOKUP('3.1 Losowanie warstwowe PROP'!B56,lw!$A$1:$G$1001,2,FALSE) -> 9
A57: 48 | B57: 283 | C57: MD | D57: =VLOOKUP('3.1 Losowanie warstwowe PROP'!B57,lw!$A$1:$G$1001,2,FALSE) -> 18
A58: 49 | B58: 23 | C58: MD | D58: =VLOOKUP('3.1 Losowanie warstwowe PROP'!B58,lw!$A$1:$G$1001,2,FALSE) -> 10
A59: 50 | B59: 479 | C59: MD | D59: =VLOOKUP('3.1 Losowanie warstwowe PROP'!B59,lw!$A$1:$G$1001,2,FALSE) -> 12
A60: 51 | B60: 263 | C60: MD | D60: =VLOOKUP('3.1 Losowanie warstwowe PROP'!B60,lw!$A$1:$G$1001,2,FALSE) -> 18
A61: 52 | B61: 374 | C61: MD | D61: =VLOOKUP('3.1 Losowanie warstwowe PROP'!B61,lw!$A$1:$G$1001,2,FALSE) -> 60
A62: 53 | B62: 157 | C62: MD | D62: =VLOOKUP('3.1 Losowanie warstwowe PROP'!B62,lw!$A$1:$G$1001,2,FALSE) -> 9
... A209: 200 | B209: 420 | C209: KZ | D209: =VLOOKUP('3.1 Losowanie warstwowe PROP'!B209,lw!$A$1:$G$1001,2,FALSE) -> 18

Sheet 3.2 Losowanie warstwowe RÓW
B2: LOSOWANIE WARSTWOWE - LOKALIZACJA RÓWNOMIERNA
B3: Populację generalną stanowi 1000 kredytobiorców z pewnego niemieckiego banku. Populacja ta została podzielona na 4 warstwy względem płci i oceny klienta (X1). Badaną cechą jest czas trwania zadłużenia klienta w miesiącach (Y). Wylosowano bez zwracania próbę wstępną 200 kredytobiorców stosując lokalizację równomierną próby, aby oszacować średni czas trwania kredytu oraz łączny czas trwania kredytów w populacji z błędem nie większym niż 2 miesiące.
C8: x1 | D8: y
A9: i | B9: k | C9: klient | D9: czas trwania | F9: Struktura populacji | J9: Struktura próby
A10: 1 | B10: 249 | C10: MD | D10: 24 | G10: Płeć | K10: Płeć
A11: 2 | B11: 774 | C11: MD | D11: 24 | F11: klient | G11: M | H11: K | J11: klient | K11: M | L11: K
A12: 3 | B12: 894 | C12: MD | D12: 36 | F12: dobry | G12: =G17/$G$21 -> 0.499 | H12: =G19/$G$21 -> 0.201 | J12: dobry | K12: =I17/$I$21 -> 0.25 | L12: =I17/$I$21 -> 0.25
A13: 4 | B13: 124 | C13: MD | D13: 10 | F13: zły | G13: =G18/$G$21 -> 0.191 | H13: =G20/$G$21 -> 0.109 | J13: zły | K13: =I18/$I$21 -> 0.25 | L13: =I18/$I$21 -> 0.25
A14: 5 | B14: 887 | C14: MD | D14: 24
A15: 6 | B15: 265 | C15: MD | D15: 10 | F15: Wyznaczono wagi i liczebności warstw w próbie oraz wariancje dla poszczególnych warstw.
A16: 7 | B16: 907 | C16: MD | D16: 21 | F16: Warstwa | G16: Nh | H16: Wh | I16: nh | J16: sh2 | K16: ӯh
A17: 8 | B17: 811 | C17: MD | D17: 8 | F17: MD | G17: 499 | H17: =G17/$G$21 -> 0.499 | I17: =COUNTIF($A$10:$D$209,F17) -> 50 | J17: {=_xlfn.VAR.S(IF($C$10:$C$209=F17,$D$10:$D$209,""))} -> 73.977143 | K17: =AVERAGEIF($C$10:$C$209,F17,$D$10:$D$209) -> 18.32
A18: 9 | B18: 831 | C18: MD | D18: 24 | F18: MZ | G18: 191 | H18: =G18/$G$21 -> 0.191 | I18: =COUNTIF($A$10:$D$209,F18) -> 50 | J18: {=_xlfn.VAR.S(IF($C$10:$C$209=F18,$D$10:$D$209,""))} -> 202.35959 | K18: =AVERAGEIF($C$10:$C$209,F18,$D$10:$D$209) -> 26.26
A19: 10 | B19: 34 | C19: MD | D19: 12 | F19: KD | G19: 201 | H19: =G19/$G$21 -> 0.201 | I19: =COUNTIF($A$10:$D$209,F19) -> 50 | J19: {=_xlfn.VAR.S(IF($C$10:$C$209=F19,$D$10:$D$209,""))} -> 77.688163 | K19: =AVERAGEIF($C$10:$C$209,F19,$D$10:$D$209) -> 17.84
A20: 11 | B20: 587 | C20: MD | D20: 9 | F20: KZ | G20: 109 | H20: =G20/$G$21 -> 0.109 | I20: =COUNTIF($A$10:$D$209,F20) -> 50 | J20: {=_xlfn.VAR.S(IF($C$10:$C$209=F20,$D$10:$D$209,""))} -> 163.60163 | K20: =AVERAGEIF($C$10:$C$209,F20,$D$10:$D$209) -> 24.48
A21: 12 | B21: 561 | C21: MD | D21: 24 | F21: Suma: | G21: =SUM(G17:G20) -> 1000 | H21: =SUM(H17:H20) -> 1 | I21: =SUM(I17:I20) -> 200
A22: 13 | B22: 934 | C22: MD | D22: 12
A23: 14 | B23: 515 | C23: MD | D23: 24 | F23: N | G23: 1000
A24: 15 | B24: 8 | C24: MD | D24: 36 | F24: d | G24: 2
A25: 16 | B25: 610 | C25: MD | D25: 15 | F25: n | G25: 200
A26: 17 | B26: 40 | C26: MD | D26: 9
A27: 18 | B27: 324 | C27: MD | D27: 18 | F27: Szacowanie średniej:
A28: 19 | B28: 158 | C28: MD | D28: 12 | F28: ӯw | G28: =SUMPRODUCT(H17:H20,K17:K20) -> 20.4115
A29: 20 | B29: 208 | C29: MD | D29: 12 | F29: sw2 | G29: =SUMPRODUCT(H17:H20,J17:J20) -> 109.01318
A30: 21 | B30: 699 | C30: MD | D30: 18 | F30: ="D" & _xlfn.UNICHAR(770) & "²(" & "y" & _xlfn.UNICHAR(773) & "w)" -> D̂²(y̅w) | G30: {=SUMPRODUCT((H17:H20^2),(1-I17:I20/G17:G20),(J17:J20/I17:I20))} -> 0.50868869
A31: 22 | B31: 246 | C31: MD | D31: 24 | F31: ="D" & _xlfn.UNICHAR(770) & "(" & "y" & _xlfn.UNICHAR(773) & "w)" -> D̂(y̅w) | G31: =SQRT(G30) -> 0.71322415
A32: 23 | B32: 801 | C32: MD | D32: 24
A33: 24 | B33: 914 | C33: MD | D33: 11 | F33: Oszacowano średni czas trwania kredytu na około 20,41 miesięcy z błędem standardowym wynoszącym około 0,71 miesiąca.
A34: 25 | B34: 519 | C34: MD | D34: 6
A35: 26 | B35: 217 | C35: MD | D35: 18 | F35: Szacowanie sumy:
A36: 27 | B36: 892 | C36: MD | D36: 15 | F36: ŷ | G36: =G28*G23 -> 20411.5
A37: 28 | B37: 609 | C37: MD | D37: 18 | F37: ="D"&_xlfn.UNICHAR(770) & "²(ŷ)" -> D̂²(ŷ) | G37: =G30*G23^2 -> 508688.69
A38: 29 | B38: 548 | C38: MD | D38: 24 | F38: ="D"&_xlfn.UNICHAR(770) & "(ŷ)" -> D̂(ŷ) | G38: =SQRT(G37) -> 713.22415
A39: 30 | B39: 719 | C39: MD | D39: 24
A40: 31 | B40: 679 | C40: MD | D40: 24 | F40: Oszacowano łączny czas trwania kredytów na około 20411,5 miesięcy z błędem standardowym wynoszącym około 713,22 miesięcy.
A41: 32 | B41: 32 | C41: MD | D41: 24
A42: 33 | B42: 340 | C42: MD | D42: 10 | F42: Porównanie z losowaniem prostym
A43: 34 | B43: 785 | C43: MD | D43: 20 | F43: s² | G43: =_xlfn.VAR.S(D10:D209) -> 141.23555
A44: 35 | B44: 454 | C44: MD | D44: 24 | F44: ="D" & _xlfn.UNICHAR(770) & "²(" & "y" & _xlfn.UNICHAR(773) & ")" -> D̂²(y̅) | G44: =(1-G25/G23)*(G43/G25) -> 0.56494221
A45: 36 | B45: 285 | C45: MD | D45: 24
A46: 37 | B46: 108 | C46: MD | D46: 12
A47: 38 | B47: 160 | C47: MD | D47: 6 | G47: =(G30-G44)/G44 -> -0.099573937
A48: 39 | B48: 393 | C48: MD | D48: 36
A49: 40 | B49: 378 | C49: MD | D49: 7 | F49: Losowanie warstwowe jest w tym przypadku o około 10% efektywniejsze od losowania prostego.
A50: 41 | B50: 477 | C50: MD | D50: 39
A51: 42 | B51: 994 | C51: MD | D51: 36
A52: 43 | B52: 126 | C52: MD | D52: 12
A53: 44 | B53: 24 | C53: MD | D53: 12
A54: 45 | B54: 443 | C54: MD | D54: 20
A55: 46 | B55: 700 | C55: MD | D55: 15
A56: 47 | B56: 503 | C56: MD | D56: 9
A57: 48 | B57: 283 | C57: MD | D57: 18
A58: 49 | B58: 23 | C58: MD | D58: 10
A59: 50 | B59: 479 | C59: MD | D59: 12
A60: 51 | B60: 553 | C60: MZ | D60: 48
A61: 52 | B61: 590 | C61: MZ | D61: 12
... A209: 200 | B209: 615 | C209: KZ | D209: 18

Sheet 3.3 Losowanie warstwowe OPT
B2: LOSOWANIE WARSTWOWE - LOKALIZACJA OPTYMALNA NEYMANA
B3: Populację generalną stanowi 1000 kredytobiorców z pewnego niemieckiego banku. Populacja ta została podzielona na 4 warstwy względem płci i oceny klienta (X1). Badaną cechą jest czas trwania zadłużenia klienta w miesiącach (Y). Wylosowano bez zwracania próbę wstępną 50 kredytobiorców stosując lokalizację optymalną Neymana próby, aby oszacować średni czas trwania kredytu oraz łączny czas trwania kredytów w populacji z błędem nie większym niż 2 miesiące.
C8: x1 | D8: y
A9: i | B9: k | C9: klient | D9: czas trwania | F9: Struktura populacji | J9: Struktura próby
A10: 1 | B10: 249 | C10: MD | D10: =VLOOKUP('3.1 Losowanie warstwowe PROP'!B10,lw!$A$1:$G$1001,2,FALSE) -> 24 | G10: Płeć | K10: Płeć
A11: 2 | B11: 774 | C11: MD | D11: =VLOOKUP('3.1 Losowanie warstwowe PROP'!B11,lw!$A$1:$G$1001,2,FALSE) -> 24 | F11: klient | G11: M | H11: K | J11: klient | K11: M | L11: K
A12: 3 | B12: 894 | C12: MD | D12: =VLOOKUP('3.1 Losowanie warstwowe PROP'!B12,lw!$A$1:$G$1001,2,FALSE) -> 36 | F12: dobry | G12: =G17/$G$21 -> 0.499 | H12: =G19/$G$21 -> 0.201 | J12: dobry | K12: =I17/$I$21 -> 0.5 | L12: =I19/$I$21 -> 0.2
A13: 4 | B13: 124 | C13: MD | D13: =VLOOKUP('3.1 Losowanie warstwowe PROP'!B13,lw!$A$1:$G$1001,2,FALSE) -> 10 | F13: zły | G13: =G18/$G$21 -> 0.191 | H13: =G20/$G$21 -> 0.109 | J13: zły | K13: =I18/$I$21 -> 0.2 | L13: =I20/$I$21 -> 0.1
A14: 5 | B14: 887 | C14: MD | D14: =VLOOKUP('3.1 Losowanie warstwowe PROP'!B14,lw!$A$1:$G$1001,2,FALSE) -> 24
A15: 6 | B15: 265 | C15: MD | D15: =VLOOKUP('3.1 Losowanie warstwowe PROP'!B15,lw!$A$1:$G$1001,2,FALSE) -> 10 | F15: Wyznaczono wagi i liczebności warstw w próbie oraz wariancje dla poszczególnych warstw.
A16: 7 | B16: 907 | C16: MD | D16: =VLOOKUP('3.1 Losowanie warstwowe PROP'!B16,lw!$A$1:$G$1001,2,FALSE) -> 21 | F16: Warstwa | G16: Nh | H16: Wh | I16: n'h | J16: s'h | K16: nh | L16: dolosować | M16: ȳh | N16: sh
A17: 8 | B17: 811 | C17: MD | D17: =VLOOKUP('3.1 Losowanie warstwowe PROP'!B17,lw!$A$1:$G$1001,2,FALSE) -> 8 | F17: MD | G17: 499 | H17: =G17/$G$21 -> 0.499 | I17: =ROUND(H17*$G$25,0) -> 25 | J17: {=_xlfn.STDEV.S(IF($C$10:$C$59=F17,$D$10:$D$59,""))} -> 8.3681938 | K17: =ROUND($J$26*H17*J17/$J$24,0) -> 38 | L17: =K17-I17 -> 13 | M17: =AVERAGEIF($C$10:$C$101,F17,$D$10:$D$34) -> 18.157895 | N17: {=_xlfn.STDEV.S(IF($C$10:$C$101=F17,$D$10:$D$101,""))} -> 7.6282771
A18: 9 | B18: 831 | C18: MD | D18: =VLOOKUP('3.1 Losowanie warstwowe PROP'!B18,lw!$A$1:$G$1001,2,FALSE) -> 24 | F18: MZ | G18: 191 | H18: =G18/$G$21 -> 0.191 | I18: =ROUND(H18*$G$25,0) -> 10 | J18: {=_xlfn.STDEV.S(IF($C$10:$C$59=F18,$D$10:$D$59,""))} -> 14.546477 | K18: =ROUND($J$26*H18*J18/$J$24,0) -> 25 | L18: =K18-I18 -> 15 | M18: =AVERAGEIF($C$10:$C$101,F18,$D$10:$D$34) -> 25.88 | N18: {=_xlfn.STDEV.S(IF($C$10:$C$101=F18,$D$10:$D$101,""))} -> 12.524376
A19: 10 | B19: 34 | C19: MD | D19: =VLOOKUP('3.1 Losowanie warstwowe PROP'!B19,lw!$A$1:$G$1001,2,FALSE) -> 12 | F19: KD | G19: 201 | H19: =G19/$G$21 -> 0.201 | I19: =ROUND(H19*$G$25,0) -> 10 | J19: {=_xlfn.STDEV.S(IF($C$10:$C$59=F19,$D$10:$D$59,""))} -> 8.1076096 | K19: =ROUND($J$26*H19*J19/$J$24,0) -> 15 | L19: =K19-I19 -> 5 | M19: =AVERAGEIF($C$10:$C$101,F19,$D$10:$D$34) -> 18.133333 | N19: {=_xlfn.STDEV.S(IF($C$10:$C$101=F19,$D$10:$D$101,""))} -> 8.8225901
A20: 11 | B20: 587 | C20: MD | D20: =VLOOKUP('3.1 Losowanie warstwowe PROP'!B20,lw!$A$1:$G$1001,2,FALSE) -> 9 | F20: KZ | G20: 109 | H20: =G20/$G$21 -> 0.109 | I20: =ROUND(H20*$G$25,0) -> 5 | J20: {=_xlfn.STDEV.S(IF($C$10:$C$59=F20,$D$10:$D$59,""))} -> 13.813037 | K20: =ROUND($J$26*H20*J20/$J$24,0) -> 14 | L20: =K20-I20 -> 9 | M20: =AVERAGEIF($C$10:$C$101,F20,$D$10:$D$34) -> 28.714286 | N20: {=_xlfn.STDEV.S(IF($C$10:$C$101=F20,$D$10:$D$101,""))} -> 14.588871
A21: 12 | B21: 561 | C21: MD | D21: =VLOOKUP('3.1 Losowanie warstwowe PROP'!B21,lw!$A$1:$G$1001,2,FALSE) -> 24 | F21: Suma: | G21: =SUM(G17:G20) -> 1000 | H21: =SUM(H17:H20) -> 1 | I21: =SUM(I17:I20) -> 50 | K21: =SUM(K17:K20) -> 92 | L21: =SUM(L17:L20) -> 42
A22: 13 | B22: 934 | C22: MD | D22: =VLOOKUP('3.1 Losowanie warstwowe PROP'!B22,lw!$A$1:$G$1001,2,FALSE) -> 12
A23: 14 | B23: 515 | C23: MD | D23: =VLOOKUP('3.1 Losowanie warstwowe PROP'!B23,lw!$A$1:$G$1001,2,FALSE) -> 24 | F23: N | G23: 1000 | I23: Wyznaczenie minimalnej liczebności próby
A24: 15 | B24: 8 | C24: MD | D24: =VLOOKUP('3.1 Losowanie warstwowe PROP'!B24,lw!$A$1:$G$1001,2,FALSE) -> 36 | F24: d | G24: 2 | I24: ="s" & _xlfn.UNICHAR(773) & "'" -> s̅' | J24: =SUMPRODUCT(H17:H20,J17:J20) -> 10.089356
A25: 16 | B25: 610 | C25: MD | D25: =VLOOKUP('3.1 Losowanie warstwowe PROP'!B25,lw!$A$1:$G$1001,2,FALSE) -> 15 | F25: n' | G25: 50 | I25: s'w² | J25: {=SUMPRODUCT(H17:H20,J17:J20^2)} -> 109.36851
A26: 17 | B26: 40 | C26: MD | D26: =VLOOKUP('3.1 Losowanie warstwowe PROP'!B26,lw!$A$1:$G$1001,2,FALSE) -> 9 | F26: n | G26: 92 | I26: nopt | J26: =ROUNDUP(J24^2/(G24^2/4+J25/G23),0) -> 92
A27: 18 | B27: 324 | C27: MD | D27: =VLOOKUP('3.1 Losowanie warstwowe PROP'!B27,lw!$A$1:$G$1001,2,FALSE) -> 18 | I27: Otrzymano minimalną liczebność próby na poziomie 92 obserwacji, zatem dolosowane zostaną 42 jednostki, wyznaczone odpowiednio z poszczególnych wartstw.
A28: 19 | B28: 158 | C28: MD | D28: =VLOOKUP('3.1 Losowanie warstwowe PROP'!B28,lw!$A$1:$G$1001,2,FALSE) -> 12 | I28: Dalsze wnioskowanie zostanie przeprowadzone na próbie 92 obserwacji.
A29: 20 | B29: 208 | C29: MD | D29: =VLOOKUP('3.1 Losowanie warstwowe PROP'!B29,lw!$A$1:$G$1001,2,FALSE) -> 12 | F29: Szacowanie średniej:
A30: 21 | B30: 699 | C30: MD | D30: =VLOOKUP('3.1 Losowanie warstwowe PROP'!B30,lw!$A$1:$G$1001,2,FALSE) -> 18 | F30: ȳw | G30: =SUMPRODUCT(H17:H20,M17:M20) -> 20.778527
A31: 22 | B31: 246 | C31: MD | D31: =VLOOKUP('3.1 Losowanie warstwowe PROP'!B31,lw!$A$1:$G$1001,2,FALSE) -> 24 | F31: ="s" & _xlfn.UNICHAR(773) -> s̅ | G31: =SUMPRODUCT(H17:H20,N17:N20) -> 9.5621937
A32: 23 | B32: 801 | C32: MD | D32: =VLOOKUP('3.1 Losowanie warstwowe PROP'!B32,lw!$A$1:$G$1001,2,FALSE) -> 24 | F32: sw² | G32: {=SUMPRODUCT(H17:H20,N17:N20^2)} -> 97.841865
A33: 24 | B33: 914 | C33: MD | D33: =VLOOKUP('3.1 Losowanie warstwowe PROP'!B33,lw!$A$1:$G$1001,2,FALSE) -> 11 | F33: ="D" & _xlfn.UNICHAR(770) & "²opt(" & "y" & _xlfn.UNICHAR(773) & "w)" -> D̂²opt(y̅w) | G33: =(G31^2/G26)-(G32/G23) -> 0.89602279
A34: 25 | B34: 519 | C34: MD | D34: =VLOOKUP('3.1 Losowanie warstwowe PROP'!B34,lw!$A$1:$G$1001,2,FALSE) -> 6 | F34: ="D" & _xlfn.UNICHAR(770) & "opt(" & "y" & _xlfn.UNICHAR(773) & "w)" -> D̂opt(y̅w) | G34: =SQRT(G33) -> 0.9465848
A35: 26 | B35: 553 | C35: MZ | D35: 48
A36: 27 | B36: 590 | C36: MZ | D36: 12 | F36: Oszacowano średni czas trwania kredytu na około 20,78 miesięcy z błędem standardowym wynoszącym około 0,95 miesiąca.
A37: 28 | B37: 274 | C37: MZ | D37: 48
A38: 29 | B38: 399 | C38: MZ | D38: 12 | F38: Szacowanie sumy:
A39: 30 | B39: 191 | C39: MZ | D39: 24 | F39: ŷ | G39: =G23*G30 -> 20778.527
A40: 31 | B40: 138 | C40: MZ | D40: 12 | F40: ="D"&_xlfn.UNICHAR(770) & "²opt(ŷ)" -> D̂²opt(ŷ) | G40: =G33*G23^2 -> 896022.79
A41: 32 | B41: 541 | C41: MZ | D41: 12 | F41: ="D"&_xlfn.UNICHAR(770) & "opt(ŷ)" -> D̂opt(ŷ) | G41: =SQRT(G40) -> 946.5848
A42: 33 | B42: 475 | C42: MZ | D42: 18
A43: 34 | B43: 231 | C43: MZ | D43: 36 | F43: Oszacowano łączny czas trwania kredytów na około 20779 miesięcy z błędem standardowym wynoszącym około 946,58 miesięcy.
A44: 35 | B44: 598 | C44: MZ | D44: 24
A45: 36 | B45: 733 | C45: KD | D45: 8 | F45: Porównanie z losowaniem prostym
A46: 37 | B46: 212 | C46: KD | D46: 36 | F46: s² | G46: =_xlfn.VAR.S(D10:D101) -> 127.0897
A47: 38 | B47: 706 | C47: KD | D47: 15 | F47: ="D" & _xlfn.UNICHAR(770) & "²(" & "y" & _xlfn.UNICHAR(773) & ")" -> D̂²(y̅) | G47: =(1-G26/G23)*(G46/G26) -> 1.2543201
A48: 39 | B48: 538 | C48: KD | D48: 18
A49: 40 | B49: 761 | C49: KD | D49: 15
A50: 41 | B50: 370 | C50: KD | D50: 18 | G50: =(G33-G47)/G47 -> -0.28565063
A51: 42 | B51: 874 | C51: KD | D51: 15
A52: 43 | B52: 50 | C52: KD | D52: 12 | F52: Losowanie warstwowe jest w tym przypadku o około 29% efektywniejsze od losowania prostego.
A53: 44 | B53: 576 | C53: KD | D53: 15
A54: 45 | B54: 516 | C54: KD | D54: 6
A55: 46 | B55: 843 | C55: KZ | D55: 18
A56: 47 | B56: 912 | C56: KZ | D56: 24
A57: 48 | B57: 558 | C57: KZ | D57: 21
A58: 49 | B58: 723 | C58: KZ | D58: 12
A59: 50 | B59: 12 | C59: KZ | D59: 48
A60: 51 | B60: 217 | C60: MD | D60: 18
A61: 52 | B61: 892 | C61: MD | D61: 15
A62: 53 | B62: 609 | C62: MD | D62: 18
A63: 54 | B63: 548 | C63: MD | D63: 24
A64: 55 | B64: 719 | C64: MD | D64: 24
... A101: 92 | B101: 45 | C101: KZ | D101: 48

Sheet 3.4 Losowanie warstwowe POST
B2: LOSOWANIE WARSTWOWE - POSTSTRATYFIKACJA
B3: Populację generalną stanowi 1000 kredytobiorców z pewnego niemieckiego banku. Wylosowano bez zwracania próbę zasadniczą (n = 200). Znana jest struktura kredytobiorców tego banku według oceny klienta i płci. Badaną cechą jest czas trwania zadłużenia klienta w miesiącach (Y). Oszacowany zostanie średni czas trwania kredytu oraz łączny czas trwania kredytów w populacji z błędem nie większym niż 2 miesiące przy pomocy estymatora uwzględniającego warstwowanie po wylosowaniu (poststratyfikacji).
C8: x1 | D8: y
A9: i | B9: k | C9: klient | D9: czas trwania | F9: Struktura populacji | J9: Struktura próby
A10: 1 | B10: 608 | C10: KZ | D10: 36 | G10: Płeć | K10: Płeć
A11: 2 | B11: 388 | C11: MD | D11: 18 | F11: klient | G11: M | H11: K | J11: klient | K11: M | L11: K
A12: 3 | B12: 385 | C12: MD | D12: 30 | F12: dobry | G12: =G17/$G$21 -> 0.499 | H12: =G19/$G$21 -> 0.201 | J12: dobry | K12: =I17/$I$21 -> 0.51 | L12: =I19/$I$21 -> 0.205
A13: 4 | B13: 453 | C13: MD | D13: 12 | F13: zły | G13: =G18/$G$21 -> 0.191 | H13: =G20/$G$21 -> 0.109 | J13: zły | K13: =I18/$I$21 -> 0.195 | L13: =I20/$I$21 -> 0.09
A14: 5 | B14: 169 | C14: KD | D14: 24
A15: 6 | B15: 811 | C15: MD | D15: 8 | F15: Wyznaczono wagi i liczebności warstw w próbie oraz wariancje dla poszczególnych warstw.
A16: 7 | B16: 564 | C16: MZ | D16: 36 | F16: Warstwa | G16: Nh | H16: Wh | I16: nh | J16: sh2 | K16: ȳh
A17: 8 | B17: 802 | C17: KD | D17: 18 | F17: MD | G17: 499 | H17: =G17/$G$21 -> 0.499 | I17: =COUNTIF($A$10:$D$209,F17) -> 102 | J17: {=_xlfn.VAR.S(IF($C$10:$C$209=F17,$D$10:$D$209,""))} -> 144.54213 | K17: =AVERAGEIF($C$10:$C$209,F17,$D$10:$D$209) -> 19.95098
A18: 9 | B18: 136 | C18: KD | D18: 12 | F18: MZ | G18: 191 | H18: =G18/$G$21 -> 0.191 | I18: =COUNTIF($A$10:$D$209,F18) -> 39 | J18: {=_xlfn.VAR.S(IF($C$10:$C$209=F18,$D$10:$D$209,""))} -> 183.39406 | K18: =AVERAGEIF($C$10:$C$209,F18,$D$10:$D$209) -> 27.358974
A19: 10 | B19: 597 | C19: KZ | D19: 24 | F19: KD | G19: 201 | H19: =G19/$G$21 -> 0.201 | I19: =COUNTIF($A$10:$D$209,F19) -> 41 | J19: {=_xlfn.VAR.S(IF($C$10:$C$209=F19,$D$10:$D$209,""))} -> 82.787805 | K19: =AVERAGEIF($C$10:$C$209,F19,$D$10:$D$209) -> 16.634146
A20: 11 | B20: 256 | C20: MD | D20: 60 | F20: KZ | G20: 109 | H20: =G20/$G$21 -> 0.109 | I20: =COUNTIF($A$10:$D$209,F20) -> 18 | J20: {=_xlfn.VAR.S(IF($C$10:$C$209=F20,$D$10:$D$209,""))} -> 185.29412 | K20: =AVERAGEIF($C$10:$C$209,F20,$D$10:$D$209) -> 28
A21: 12 | B21: 255 | C21: MD | D21: 9 | F21: Suma: | G21: =SUM(G17:G20) -> 1000 | H21: =SUM(H17:H20) -> 1 | I21: =SUM(I17:I20) -> 200
A22: 13 | B22: 421 | C22: KD | D22: 15
A23: 14 | B23: 573 | C23: KD | D23: 24 | F23: N | G23: 1000
A24: 15 | B24: 294 | C24: MD | D24: 42 | F24: d | G24: 2
A25: 16 | B25: 17 | C25: MD | D25: 24 | F25: n | G25: 200
A26: 17 | B26: 899 | C26: KD | D26: 15
A27: 18 | B27: 232 | C27: MD | D27: 9 | F27: Szacowanie średniej:
A28: 19 | B28: 948 | C28: MD | D28: 12 | F28: ȳpost | G28: =SUMPRODUCT(K17:K20,H17:H20) -> 21.576567
A29: 20 | B29: 744 | C29: MD | D29: 24 | F29: s²w | G29: =SUMPRODUCT(H17:H20,J17:J20) -> 143.9922
A30: 21 | B30: 671 | C30: MD | D30: 24 | F30: ="D" & _xlfn.UNICHAR(770) & "²prop(" & "y" & _xlfn.UNICHAR(773) & "w)" -> D̂²prop(y̅w) | G30: =(1-G25/G23)*G29/G25 -> 0.57596878
A31: 22 | B31: 204 | C31: MZ | D31: 12 | F31: ="D" & _xlfn.UNICHAR(770) & "²post(" & "y" & _xlfn.UNICHAR(773) & "post)" -> D̂²post(y̅post) | G31: {=G30+(1/(G25^2)-1/(G25*G23))*SUMPRODUCT(1-H17:H20,J17:J20)} -> 0.5850093
A32: 23 | B32: 718 | C32: MD | D32: 18 | F32: ="D" & _xlfn.UNICHAR(770) & "post(" & "y" & _xlfn.UNICHAR(773) & "post)" -> D̂post(y̅post) | G32: =SQRT(G31) -> 0.76485901
A33: 24 | B33: 472 | C33: KZ | D33: 6
A34: 25 | B34: 940 | C34: MD | D34: 24 | F34: Oszacowano średni czas trwania kredytu na około 21,58 miesięcy z błędem standardowym wynoszącym około 0,76 miesiąca.
A35: 26 | B35: 577 | C35: KD | D35: 12
A36: 27 | B36: 786 | C36: MD | D36: 18 | F36: Szacowanie sumy:
A37: 28 | B37: 274 | C37: MZ | D37: 48 | F37: ŷ | G37: =G28*G23 -> 21576.567
A38: 29 | B38: 703 | C38: KD | D38: 24 | F38: ="D"&_xlfn.UNICHAR(770) & "²(ŷ)" -> D̂²(ŷ) | G38: =G31*G23^2 -> 585009.3
A39: 30 | B39: 340 | C39: MD | D39: 10 | F39: ="D"&_xlfn.UNICHAR(770) & "(ŷ)" -> D̂(ŷ) | G39: =SQRT(G38) -> 764.85901
A40: 31 | B40: 322 | C40: MZ | D40: 24
A41: 32 | B41: 960 | C41: MD | D41: 24 | F41: Oszacowano łączny czas trwania kredytów na około 21576,57 miesięcy z błędem standardowym wynoszącym około 764,86 miesięcy.
A42: 33 | B42: 176 | C42: KZ | D42: 30
A43: 34 | B43: 360 | C43: KZ | D43: 30 | F43: Porównanie z losowaniem prostym
A44: 35 | B44: 944 | C44: MD | D44: 4 | F44: s² | G44: =_xlfn.VAR.S(D10:D209) -> 157.50392
A45: 36 | B45: 743 | C45: MD | D45: 21 | F45: ="D" & _xlfn.UNICHAR(770) & "²(" & "y" & _xlfn.UNICHAR(773) & ")" -> D̂²(y̅) | G45: =(1-G25/G23)*(G44/G25) -> 0.63001568
A46: 37 | B46: 412 | C46: MD | D46: 33
A47: 38 | B47: 224 | C47: MD | D47: 24
A48: 39 | B48: 803 | C48: KD | D48: 20 | G48: =(G31-G45)/G45 -> -0.071436919
A49: 40 | B49: 962 | C49: MD | D49: 21
A50: 41 | B50: 654 | C50: MZ | D50: 36 | F50: Losowanie warstwowe jest w tym przypadku o około 7% efektywniejsze od losowania prostego.
A51: 42 | B51: 559 | C51: MZ | D51: 24
A52: 43 | B52: 747 | C52: KD | D52: 15
A53: 44 | B53: 789 | C53: MZ | D53: 48
A54: 45 | B54: 793 | C54: MD | D54: 6
A55: 46 | B55: 846 | C55: MD | D55: 21
A56: 47 | B56: 749 | C56: MD | D56: 21
A57: 48 | B57: 315 | C57: MD | D57: 4
A58: 49 | B58: 650 | C58: MZ | D58: 12
A59: 50 | B59: 371 | C59: MD | D59: 36
A60: 51 | B60: 277 | C60: KD | D60: 18
A61: 52 | B61: 275 | C61: MZ | D61: 30
A62: 53 | B62: 898 | C62: KD | D62: 12
... A209: 200 | B209: 751 | C209: KD | D209: 6

Sheet lz
A1: i | B1: k | C1: czas trwania | D1: kwota kredytu | E1: wiek | F1: klient | G1: losowa | H1: zespół
A2: 1 | B2: 608 | C2: 36 | D2: 2671 | E2: 50 | F2: KZ | G2: 0.0035858301 | H2: 1 | N2: Wybór zespołów do próby (lpbz)
A3: 2 | B3: 388 | C3: 18 | D3: 7374 | E3: 40 | F3: MD | G3: 0.0035985316 | H3: 2 | M3: 1 | N3: 15 | O3: 0.047553014
A4: 3 | B4: 385 | C4: 30 | D4: 4272 | E4: 26 | F4: MD | G4: 0.0038327247 | H4: 3 | M4: 2 | N4: 29 | O4: 0.050442139
A5: 4 | B5: 453 | C5: 12 | D5: 2759 | E5: 34 | F5: MD | G5: 0.0058363312 | H5: 4 | M5: 3 | N5: 46 | O5: 0.078441363
A6: 5 | B6: 169 | C6: 24 | D6: 3972 | E6: 25 | F6: KD | G6: 0.0070139727 | H6: 5 | M6: 4 | N6: 38 | O6: 0.081155664
A7: 6 | B7: 811 | C7: 8 | D7: 907 | E7: 26 | F7: MD | G7: 0.0090634301 | H7: 6 | M7: 5 | N7: 4 | O7: 0.092977412
A8: 7 | B8: 564 | C8: 36 | D8: 12389 | E8: 37 | F8: MZ | G8: 0.0097905631 | H8: 7 | M8: 6 | N8: 11 | O8: 0.094294055
A9: 8 | B9: 802 | C9: 18 | D9: 1795 | E9: 48 | F9: KD | G9: 0.0099935306 | H9: 8 | M9: 7 | N9: 35 | O9: 0.096350249
A10: 9 | B10: 136 | C10: 12 | D10: 1240 | E10: 38 | F10: KD | G10: 0.010088823 | H10: 9 | M10: 8 | N10: 23 | O10: 0.10193649
A11: 10 | B11: 597 | C11: 24 | D11: 1442 | E11: 23 | F11: KZ | G11: 0.010774678 | H11: 10 | M11: 9 | N11: 12 | O11: 0.10903928
A12: 11 | B12: 256 | C12: 60 | D12: 7418 | E12: 27 | F12: MD | G12: 0.010780852 | H12: 11 | M12: 10 | N12: 34 | O12: 0.11374347
A13: 12 | B13: 255 | C13: 9 | D13: 2030 | E13: 24 | F13: MD | G13: 0.011428858 | H13: 12 | M13: 11 | N13: 27 | O13: 0.16110753
A14: 13 | B14: 421 | C14: 15 | D14: 3186 | E14: 20 | F14: KD | G14: 0.012295428 | H14: 13 | M14: 12 | N14: 9 | O14: 0.17547957
... A18: 17 | B18: 899 | C18: 15 | D18: 2186 | E18: 33 | F18: KD | G18: 0.01630821 | H18: 17 | M18: 16 | N18: 49 | O18: 0.29334818
A19: 18 | B19: 232 | C19: 9 | D19: 2507 | E19: 51 | F19: MD | G19: 0.01830598 | H19: 18 | N19: 42 | O19: 0.33124058
A20: 19 | B20: 948 | C20: 12 | D20: 2859 | E20: 38 | F20: MD | G20: 0.020273635 | H20: 19 | N20: 24 | O20: 0.3758247
A21: 20 | B21: 744 | C21: 24 | D21: 2483 | E21: 22 | F21: MD | G21: 0.020381165 | H21: 20 | N21: 37 | O21: 0.3794911
A22: 21 | B22: 671 | C22: 24 | D22: 4139 | E22: 27 | F22: MD | G22: 0.022536083 | H22: 21 | N22: 1 | O22: 0.44101999
A23: 22 | B23: 204 | C23: 12 | D23: 902 | E23: 21 | F23: MZ | G23: 0.023384559 | H23: 22 | N23: 7 | O23: 0.44357533
A24: 23 | B24: 718 | C24: 18 | D24: 1505 | E24: 32 | F24: MD | G24: 0.024732791 | H24: 23 | N24: 40 | O24: 0.46271647
A25: 24 | B25: 472 | C25: 6 | D25: 448 | E25: 23 | F25: KZ | G25: 0.025952696 | H25: 24 | N25: 19 | O25: 0.47971054
A26: 25 | B26: 940 | C26: 24 | D26: 6842 | E26: 46 | F26: MD | G26: 0.028563275 | H26: 25 | N26: 41 | O26: 0.53689261
A27: 26 | B27: 577 | C27: 12 | D27: 2930 | E27: 27 | F27: KD | G27: 0.02996726 | H27: 26 | N27: 2 | O27: 0.54301786
A28: 27 | B28: 786 | C28: 18 | D28: 1941 | E28: 35 | F28: MD | G28: 0.031161762 | H28: 27 | N28: 8 | O28: 0.58057067
A29: 28 | B29: 274 | C29: 48 | D29: 3060 | E29: 28 | F29: MZ | G29: 0.031435211 | H29: 28 | N29: 25 | O29: 0.59184717
A30: 29 | B30: 703 | C30: 24 | D30: 1377 | E30: 47 | F30: KD | G30: 0.031472221 | H30: 29 | N30: 21 | O30: 0.5973088
... A52: 51 | B52: 277 | C52: 18 | D52: 2404 | E52: 26 | F52: KD | G52: 0.060009862 | H52: 1 | N52: 30 | O52: 0.99148216
A53: 52 | B53: 275 | C53: 30 | D53: 11998 | E53: 34 | F53: MZ | G53: 0.060175866 | H53: 2
A54: 53 | B54: 898 | C54: 12 | D54: 1592 | E54: 35 | F54: KD | G54: 0.0605159 | H54: 3
A55: 54 | B55: 934 | C55: 12 | D55: 522 | E55: 42 | F55: MD | G55: 0.060678577 | H55: 4
A56: 55 | B56: 762 | C56: 18 | D56: 2124 | E56: 24 | F56: KZ | G56: 0.060773678 | H56: 5
A57: 56 | B57: 278 | C57: 12 | D57: 1262 | E57: 49 | F57: MD | G57: 0.062136001 | H57: 6
A58: 57 | B58: 27 | C58: 6 | D58: 426 | E58: 39 | F58: MD | G58: 0.062460567 | H58: 7
A59: 58 | B59: 327 | C59: 12 | D59: 5801 | E59: 49 | F59: MD | G59: 0.062908329 | H59: 8
A60: 59 | B60: 961 | C60: 6 | D60: 1740 | E60: 30 | F60: MD | G60: 0.063454021 | H60: 9
A61: 60 | B61: 118 | C61: 10 | D61: 2132 | E61: 27 | F61: KD | G61: 0.063770005 | H61: 10
A62: 61 | B62: 402 | C62: 18 | D62: 1887 | E62: 28 | F62: MD | G62: 0.06385887 | H62: 11
A63: 62 | B63: 391 | C63: 18 | D63: 1820 | E63: 30 | F63: MD | G63: 0.064908087 | H63: 12
A64: 63 | B64: 95 | C64: 12 | D64: 1318 | E64: 54 | F64: MD | G64: 0.066693446 | H64: 13
... A1001: 1000 | B1001: 99 | C1001: 36 | D1001: 2337 | E1001: 36 | F1001: MD | G1001: 0.99797598 | H1001: 50

Sheet 4.1 Losowanie zespołowe RÓW
B2: LOSOWANIE ZESPOŁOWE - PRÓBA RÓWNOLICZNA
B3: Populację generalną stanowi 1000 kredytobiorców z pewnego niemieckiego banku podzielonych na 50 równych, 20-osobowych grup. Badaną cechą jest czas trwania zadłużenia klienta w miesiącach (Y). Wylosowano bez zwracania próbę wstępną składającą się z 10 grup, aby oszacować średni czas trwania kredytu oraz łączny czas trwania kredytów w populacji z błędem nie większym niż 2 miesiące.
C8: Y | D8: M
A9: i | B9: k | C9: czas trwania | D9: grupa | F9: Wyznaczono sumy i średnie czasu trwania kredytów z odpowiednich grup.
A10: 1 | B10: 453 | C10: 12 | D10: 4 | F10: grupa (i) | G10: ŷi | H10: ȳi
A11: 2 | B11: 934 | C11: 12 | D11: 4 | F11: 4 | G11: =SUMIF($D$10:$D$209,F11,$C$10:$C$209) -> 360 | H11: =G11/$G$26 -> 18
A12: 3 | B12: 508 | C12: 15 | D12: 4 | F12: 11 | G12: =SUMIF($D$10:$D$209,F12,$C$10:$C$209) -> 470 | H12: =G12/$G$26 -> 23.5
A13: 4 | B13: 664 | C13: 6 | D13: 4 | F13: 12 | G13: =SUMIF($D$10:$D$209,F13,$C$10:$C$209) -> 525 | H13: =G13/$G$26 -> 26.25
A14: 5 | B14: 804 | C14: 12 | D14: 4 | F14: 15 | G14: =SUMIF($D$10:$D$209,F14,$C$10:$C$209) -> 436 | H14: =G14/$G$26 -> 21.8
A15: 6 | B15: 237 | C15: 6 | D15: 4 | F15: 23 | G15: =SUMIF($D$10:$D$209,F15,$C$10:$C$209) -> 516 | H15: =G15/$G$26 -> 25.8
A16: 7 | B16: 211 | C16: 9 | D16: 4 | F16: 29 | G16: =SUMIF($D$10:$D$209,F16,$C$10:$C$209) -> 441 | H16: =G16/$G$26 -> 22.05
A17: 8 | B17: 775 | C17: 12 | D17: 4 | F17: 34 | G17: =SUMIF($D$10:$D$209,F17,$C$10:$C$209) -> 412 | H17: =G17/$G$26 -> 20.6
A18: 9 | B18: 251 | C18: 6 | D18: 4 | F18: 35 | G18: =SUMIF($D$10:$D$209,F18,$C$10:$C$209) -> 411 | H18: =G18/$G$26 -> 20.55
A19: 10 | B19: 331 | C19: 24 | D19: 4 | F19: 38 | G19: =SUMIF($D$10:$D$209,F19,$C$10:$C$209) -> 324 | H19: =G19/$G$26 -> 16.2
A20: 11 | B20: 416 | C20: 36 | D20: 4 | F20: 46 | G20: =SUMIF($D$10:$D$209,F20,$C$10:$C$209) -> 422 | H20: =G20/$G$26 -> 21.1
A21: 12 | B21: 410 | C21: 12 | D21: 4
A22: 13 | B22: 643 | C22: 15 | D22: 4 | F22: M | G22: 1000
A23: 14 | B23: 858 | C23: 15 | D23: 4 | F23: N | G23: 50
A24: 15 | B24: 651 | C24: 48 | D24: 4 | F24: m | G24: 200
A25: 16 | B25: 737 | C25: 24 | D25: 4 | F25: n' | G25: 10
A26: 17 | B26: 641 | C26: 18 | D26: 4 | F26: ="M" & _xlfn.UNICHAR(773) -> M̅ | G26: =G22/G23 -> 20
A27: 18 | B27: 372 | C27: 18 | D27: 4 | F27: d | G27: 2
A28: 19 | B28: 808 | C28: 12 | D28: 4 | F28: s'z² | G28: {=(1/(G25-1))*SUM((G11:G20-AVERAGE(G11:G20))^2)} -> 3892.6778
A29: 20 | B29: 334 | C29: 48 | D29: 4 | F29: n | G29: =ROUNDUP(G23/(1+G23*(G26^2)*(G27^2)/(9*G28)),0) -> 16 | H29: Otrzymaliśmy, że minimalna liczebność próby to 16 zespołów,
A30: 21 | B30: 256 | C30: 60 | D30: 11 | H30: dlatego dolosowujemy 6 dodatkowych zespołów.
A31: 22 | B31: 402 | C31: 18 | D31: 11
A32: 23 | B32: 920 | C32: 24 | D32: 11 | F32: Wyznaczono sumy i średnie czasu trwania kredytów z odpowiednich grup.
A33: 24 | B33: 523 | C33: 48 | D33: 11 | F33: grupa (i) | G33: ŷi | H33: ȳi
A34: 25 | B34: 184 | C34: 24 | D34: 11 | F34: 4 | G34: =SUMIF($D$10:$D$329,F34,$C$10:$C$329) -> 360 | H34: =G34/$G$26 -> 18
A35: 26 | B35: 871 | C35: 36 | D35: 11 | F35: 11 | G35: =SUMIF($D$10:$D$329,F35,$C$10:$C$329) -> 470 | H35: =G35/$G$26 -> 23.5
A36: 27 | B36: 511 | C36: 12 | D36: 11 | F36: 12 | G36: =SUMIF($D$10:$D$329,F36,$C$10:$C$329) -> 525 | H36: =G36/$G$26 -> 26.25
A37: 28 | B37: 393 | C37: 36 | D37: 11 | F37: 15 | G37: =SUMIF($D$10:$D$329,F37,$C$10:$C$329) -> 436 | H37: =G37/$G$26 -> 21.8
A38: 29 | B38: 880 | C38: 30 | D38: 11 | F38: 23 | G38: =SUMIF($D$10:$D$329,F38,$C$10:$C$329) -> 516 | H38: =G38/$G$26 -> 25.8
A39: 30 | B39: 714 | C39: 9 | D39: 11 | F39: 29 | G39: =SUMIF($D$10:$D$329,F39,$C$10:$C$329) -> 441 | H39: =G39/$G$26 -> 22.05
A40: 31 | B40: 876 | C40: 11 | D40: 11 | F40: 34 | G40: =SUMIF($D$10:$D$329,F40,$C$10:$C$329) -> 412 | H40: =G40/$G$26 -> 20.6
A41: 32 | B41: 679 | C41: 24 | D41: 11 | F41: 35 | G41: =SUMIF($D$10:$D$329,F41,$C$10:$C$329) -> 411 | H41: =G41/$G$26 -> 20.55
A42: 33 | B42: 824 | C42: 8 | D42: 11 | F42: 38 | G42: =SUMIF($D$10:$D$329,F42,$C$10:$C$329) -> 324 | H42: =G42/$G$26 -> 16.2
A43: 34 | B43: 222 | C43: 12 | D43: 11 | F43: 46 | G43: =SUMIF($D$10:$D$329,F43,$C$10:$C$329) -> 422 | H43: =G43/$G$26 -> 21.1
A44: 35 | B44: 88 | C44: 36 | D44: 11 | F44: 9 | G44: =SUMIF($D$10:$D$329,F44,$C$10:$C$329) -> 399 | H44: =G44/$G$26 -> 19.95
A45: 36 | B45: 917 | C45: 10 | D45: 11 | F45: 17 | G45: =SUMIF($D$10:$D$329,F45,$C$10:$C$329) -> 412 | H45: =G45/$G$26 -> 20.6
... A49: 40 | B49: 387 | C49: 18 | D49: 11 | F49: 49 | G49: =SUMIF($D$10:$D$329,F49,$C$10:$C$329) -> 377 | H49: =G49/$G$26 -> 18.85
A50: 41 | B50: 255 | C50: 9 | D50: 12
A51: 42 | B51: 391 | C51: 18 | D51: 12 | F51: M | G51: 1000
A52: 43 | B52: 972 | C52: 24 | D52: 12 | F52: N | G52: 50
A53: 44 | B53: 730 | C53: 24 | D53: 12 | F53: m | G53: 320
A54: 45 | B54: 333 | C54: 60 | D54: 12 | F54: n' | G54: 16
A55: 46 | B55: 756 | C55: 24 | D55: 12 | F55: ="M" & _xlfn.UNICHAR(773) -> M̅ | G55: =G51/G52 -> 20
A56: 47 | B56: 230 | C56: 24 | D56: 12 | F56: d | G56: 2
A57: 48 | B57: 447 | C57: 36 | D57: 12 | F57: s'z² | G57: =_xlfn.VAR.S(G34:G49) -> 3032.1333
A58: 49 | B58: 900 | C58: 18 | D58: 12 | F58: n | G58: =ROUNDUP(G52/(1+G52*(G55^2)*(G56^2)/(9*G57)),0) -> 13 | H58: Otrzymaliśmy, że minimalna liczebność próby powinna mieć 13 zespołów,
A59: 50 | B59: 869 | C59: 36 | D59: 12 | F59: n | G59: 16 | H59: zatem dalsze wnioskowanie zostanie przeprowadzone na 16 zespołach.
A60: 51 | B60: 647 | C60: 30 | D60: 12
A61: 52 | B61: 966 | C61: 30 | D61: 12 | F61: Szacowanie średniej:
A62: 53 | B62: 738 | C62: 18 | D62: 12 | F62: ȳz | G62: =SUM(G34:G49)/(G54*G55) -> 21
A63: 54 | B63: 454 | C63: 24 | D63: 12 | F63: sz² | G63: =_xlfn.VAR.S(G34:G49) -> 3032.1333
A64: 55 | B64: 142 | C64: 36 | D64: 12 | F64: ="D"&_xlfn.UNICHAR(770) & "²(ȳz)" -> D̂²(ȳz) | G64: =(1-G59/G52)*(G63/(G54*(G55^2))) -> 0.32216417
A65: 56 | B65: 620 | C65: 12 | D65: 12 | F65: ="D"&_xlfn.UNICHAR(770) & "(ȳz)" -> D̂(ȳz) | G65: =SQRT(G64) -> 0.56759507
A66: 57 | B66: 688 | C66: 36 | D66: 12
A67: 58 | B67: 134 | C67: 18 | D67: 12 | F67: Oszacowano średni czas trwania kredytu na około 21 miesięcy z błędem standardowym wynoszącym około 0,57 miesiąca.
A68: 59 | B68: 723 | C68: 12 | D68: 12
A69: 60 | B69: 994 | C69: 36 | D69: 12 | F69: Szacowanie sumy:
A70: 61 | B70: 294 | C70: 42 | D70: 15 | F70: ŷ | G70: =G51*G62 -> 21000
A71: 62 | B71: 856 | C71: 24 | D71: 15 | F71: ="D"&_xlfn.UNICHAR(770) & "²(ŷ)" -> D̂²(ŷ) | G71: =G51*G62^2 -> 441000
A72: 63 | B72: 675 | C72: 21 | D72: 15 | F72: ="D"&_xlfn.UNICHAR(770) & "(ŷ)" -> D̂(ŷ) | G72: =SQRT(G71) -> 664.07831
A73: 64 | B73: 26 | C73: 6 | D73: 15
A74: 65 | B74: 945 | C74: 15 | D74: 15 | F74: Oszacowano łączny czas trwania kredytów na około 21000 miesięcy z błędem standardowym wynoszącym około 664,08 miesięcy.
A75: 66 | B75: 404 | C75: 14 | D75: 15
A76: 67 | B76: 614 | C76: 24 | D76: 15 | F76: Porównanie z losowaniem indywidualnym:
A77: 68 | B77: 903 | C77: 36 | D77: 15 | F77: s² | G77: =_xlfn.VAR.S(C10:C329) -> 159.05956
A78: 69 | B78: 105 | C78: 12 | D78: 15 | F78: ="K"&_xlfn.UNICHAR(770) -> K̂ | G78: =(G63/(G55^2)-(G77/G55))/((G55-1)*G77/G55) -> -0.0024661052
A79: 70 | B79: 313 | C79: 24 | D79: 15 | F79: ="D"&_xlfn.UNICHAR(770) & "²(ȳz)" -> D̂²(ȳz) | G79: =(1+(G55-1)*G78)*G80 -> 0.32216417
A80: 71 | B80: 7 | C80: 24 | D80: 15 | F80: ="D"&_xlfn.UNICHAR(770) & "²(ȳ)" -> D̂²(ȳ) | G80: =(1-G53/G51)*(G77/G53) -> 0.33800157
A81: 72 | B81: 602 | C81: 9 | D81: 15 | F81: ="D"&_xlfn.UNICHAR(770) & "(ȳ)" -> D̂(ȳ) | G81: =SQRT(G80) -> 0.58137902
A82: 73 | B82: 929 | C82: 30 | D82: 15
A83: 74 | B83: 580 | C83: 24 | D83: 15 | G83: =(G64-G80)/G80 -> -0.046855998
A84: 75 | B84: 656 | C84: 14 | D84: 15
A85: 76 | B85: 780 | C85: 18 | D85: 15 | F85: Losowanie zespołowe jest w tym przypadku o około 5% efektywniejsze od losowania prostego.
A86: 77 | B86: 189 | C86: 12 | D86: 15
A87: 78 | B87: 122 | C87: 24 | D87: 15
A88: 79 | B88: 711 | C88: 18 | D88: 15
A89: 80 | B89: 999 | C89: 45 | D89: 15
A90: 81 | B90: 718 | C90: 18 | D90: 23
A91: 82 | B91: 855 | C91: 36 | D91: 23
A92: 83 | B92: 226 | C92: 36 | D92: 23
A93: 84 | B93: 172 | C93: 12 | D93: 23
A94: 85 | B94: 752 | C94: 18 | D94: 23
A95: 86 | B95: 354 | C95: 12 | D95: 23
A96: 87 | B96: 873 | C96: 24 | D96: 23
A97: 88 | B97: 543 | C97: 30 | D97: 23
... A329: 320 | B329: 233 | C329: 12 | D329: 49

Sheet lz2
A1: i | B1: k | C1: czas trwania | D1: kwota kredytu | E1: wiek | F1: klient | G1: losowa | H1: zespoły wstępne | I1: zespół
A2: 1 | B2: 608 | C2: 36 | D2: 2671 | E2: 50 | F2: KZ | G2: 0.0035858301 | H2: =MATCH(E2,$O$3:$O$27,1) -> 14 | I2: =MATCH(E2,$U$3:$U$28,1) -> 19 | N2: Podział na zespoły wstępne ze względu na zmienną wiek | R2: W celu uniknięcia zerowej liczby w zespole oraz bardzo małolicznych zespołów (<10), połączono niektóre zespoły, a niektóre o dużych liczebnościach podzielono.
A3: 2 | B3: 388 | C3: 18 | D3: 7374 | E3: 40 | F3: MD | G3: 0.0035985316 | H3: =MATCH(E3,$O$3:$O$27,1) -> 10 | I3: =MATCH(E3,$U$3:$U$28,1) -> 15 | K3: min | L3: =MIN($E$2:$E$1001) -> 19 | N3: 1 | O3: =L3 -> 19 | P3: =COUNTIF($H$2:$H$1001,N3) -> 30 | T3: 1 | U3: 19 | V3: =COUNTIF($I$2:$I$1001,N3) -> 30
A4: 3 | B4: 385 | C4: 30 | D4: 4272 | E4: 26 | F4: MD | G4: 0.0038327247 | H4: =MATCH(E4,$O$3:$O$27,1) -> 4 | I4: =MATCH(E4,$U$3:$U$28,1) -> 5 | K4: min | L4: =MAX($E$2:$E$1001) -> 75 | N4: 2 | O4: =O3+$L$5 -> 21.24 | P4: =COUNTIF($H$2:$H$1001,N4) -> 75 | T4: 2 | U4: 21.24 | V4: =COUNTIF($I$2:$I$1001,N4) -> 75
A5: 4 | B5: 453 | C5: 12 | D5: 2759 | E5: 34 | F5: MD | G5: 0.0058363312 | H5: =MATCH(E5,$O$3:$O$27,1) -> 7 | I5: =MATCH(E5,$U$3:$U$28,1) -> 11 | L5: =(L4-L3)/25 -> 2.24 | N5: 3 | O5: =O4+$L$5 -> 23.48 | P5: =COUNTIF($H$2:$H$1001,N5) -> 85 | T5: 3 | U5: 23.48 | V5: =COUNTIF($I$2:$I$1001,N5) -> 44
A6: 5 | B6: 169 | C6: 24 | D6: 3972 | E6: 25 | F6: KD | G6: 0.0070139727 | H6: =MATCH(E6,$O$3:$O$27,1) -> 3 | I6: =MATCH(E6,$U$3:$U$28,1) -> 4 | N6: 4 | O6: =O5+$L$5 -> 25.72 | P6: =COUNTIF($H$2:$H$1001,N6) -> 101 | T6: 4 | U6: 24.5 | V6: =COUNTIF($I$2:$I$1001,N6) -> 41
A7: 6 | B7: 811 | C7: 8 | D7: 907 | E7: 26 | F7: MD | G7: 0.0090634301 | H7: =MATCH(E7,$O$3:$O$27,1) -> 4 | I7: =MATCH(E7,$U$3:$U$28,1) -> 5 | N7: 5 | O7: =O6+$L$5 -> 27.96 | P7: =COUNTIF($H$2:$H$1001,N7) -> 120 | T7: 5 | U7: 25.72 | V7: =COUNTIF($I$2:$I$1001,N7) -> 50
A8: 7 | B8: 564 | C8: 36 | D8: 12389 | E8: 37 | F8: MZ | G8: 0.0097905631 | H8: =MATCH(E8,$O$3:$O$27,1) -> 9 | I8: =MATCH(E8,$U$3:$U$28,1) -> 14 | N8: 6 | O8: =O7+$L$5 -> 30.2 | P8: =COUNTIF($H$2:$H$1001,N8) -> 72 | T8: 6 | U8: 26.5 | V8: =COUNTIF($I$2:$I$1001,N8) -> 51
A9: 8 | B9: 802 | C9: 18 | D9: 1795 | E9: 48 | F9: KD | G9: 0.0099935306 | H9: =MATCH(E9,$O$3:$O$27,1) -> 13 | I9: =MATCH(E9,$U$3:$U$28,1) -> 18 | N9: 7 | O9: =O8+$L$5 -> 32.44 | P9: =COUNTIF($H$2:$H$1001,N9) -> 65 | T9: 7 | U9: 27.96 | V9: =COUNTIF($I$2:$I$1001,N9) -> 43
A10: 9 | B10: 136 | C10: 12 | D10: 1240 | E10: 38 | F10: KD | G10: 0.010088823 | H10: =MATCH(E10,$O$3:$O$27,1) -> 9 | I10: =MATCH(E10,$U$3:$U$28,1) -> 14 | N10: 8 | O10: =O9+$L$5 -> 34.68 | P10: =COUNTIF($H$2:$H$1001,N10) -> 79 | T10: 8 | U10: 28.5 | V10: =COUNTIF($I$2:$I$1001,N10) -> 37
A11: 10 | B11: 597 | C11: 24 | D11: 1442 | E11: 23 | F11: KZ | G11: 0.010774678 | H11: =MATCH(E11,$O$3:$O$27,1) -> 2 | I11: =MATCH(E11,$U$3:$U$28,1) -> 2 | N11: 9 | O11: =O10+$L$5 -> 36.92 | P11: =COUNTIF($H$2:$H$1001,N11) -> 74 | T11: 9 | U11: 29.5 | V11: =COUNTIF($I$2:$I$1001,N11) -> 40
A12: 11 | B12: 256 | C12: 60 | D12: 7418 | E12: 27 | F12: MD | G12: 0.010780852 | H12: =MATCH(E12,$O$3:$O$27,1) -> 4 | I12: =MATCH(E12,$U$3:$U$28,1) -> 6 | N12: 10 | O12: =O11+$L$5 -> 39.16 | P12: =COUNTIF($H$2:$H$1001,N12) -> 42 | T12: 10 | U12: 30.2 | V12: =COUNTIF($I$2:$I$1001,N12) -> 72
A13: 12 | B13: 255 | C13: 9 | D13: 2030 | E13: 24 | F13: MD | G13: 0.011428858 | H13: =MATCH(E13,$O$3:$O$27,1) -> 3 | I13: =MATCH(E13,$U$3:$U$28,1) -> 3 | N13: 11 | O13: =O12+$L$5 -> 41.4 | P13: =COUNTIF($H$2:$H$1001,N13) -> 39 | T13: 11 | U13: 32.44 | V13: =COUNTIF($I$2:$I$1001,N13) -> 65
A14: 13 | B14: 421 | C14: 15 | D14: 3186 | E14: 20 | F14: KD | G14: 0.012295428 | H14: =MATCH(E14,$O$3:$O$27,1) -> 1 | I14: =MATCH(E14,$U$3:$U$28,1) -> 1 | N14: 12 | O14: =O13+$L$5 -> 43.64 | P14: =COUNTIF($H$2:$H$1001,N14) -> 32 | T14: 12 | U14: 34.68 | V14: =COUNTIF($I$2:$I$1001,N14) -> 40
A15: 14 | B15: 573 | C15: 24 | D15: 5433 | E15: 26 | F15: KD | G15: 0.013532357 | H15: =MATCH(E15,$O$3:$O$27,1) -> 4 | I15: =MATCH(E15,$U$3:$U$28,1) -> 5 | N15: 13 | O15: =O14+$L$5 -> 45.88 | P15: =COUNTIF($H$2:$H$1001,N15) -> 47 | T15: 13 | U15: 35.5 | V15: =COUNTIF($I$2:$I$1001,N15) -> 39
A16: 15 | B16: 294 | C16: 42 | D16: 4796 | E16: 56 | F16: MD | G16: 0.014318518 | H16: =MATCH(E16,$O$3:$O$27,1) -> 17 | I16: =MATCH(E16,$U$3:$U$28,1) -> 22 | N16: 14 | O16: =O15+$L$5 -> 48.12 | P16: =COUNTIF($H$2:$H$1001,N16) -> 26 | T16: 14 | U16: 36.92 | V16: =COUNTIF($I$2:$I$1001,N16) -> 74
A17: 16 | B17: 17 | C17: 24 | D17: 2424 | E17: 53 | F17: MD | G17: 0.014530962 | H17: =MATCH(E17,$O$3:$O$27,1) -> 16 | I17: =MATCH(E17,$U$3:$U$28,1) -> 21 | N17: 15 | O17: =O16+$L$5 -> 50.36 | P17: =COUNTIF($H$2:$H$1001,N17) -> 17 | T17: 15 | U17: 39.16 | V17: =COUNTIF($I$2:$I$1001,N17) -> 42
... A27: 26 | B27: 577 | C27: 12 | D27: 2930 | E27: 27 | F27: KD | G27: 0.02996726 | H27: =MATCH(E27,$O$3:$O$27,1) -> 4 | I27: =MATCH(E27,$U$3:$U$28,1) -> 6 | N27: 25 | O27: =O26+$L$5 -> 72.76 | P27: =COUNTIF($H$2:$H$1001,N27) -> 6 | T27: 25 | U27: 66.04 | V27: =COUNTIF($I$2:$I$1001,N27) -> 13
A28: 27 | B28: 786 | C28: 18 | D28: 1941 | E28: 35 | F28: MD | G28: 0.031161762 | H28: =MATCH(E28,$O$3:$O$27,1) -> 8 | I28: =MATCH(E28,$U$3:$U$28,1) -> 12
A29: 28 | B29: 274 | C29: 48 | D29: 3060 | E29: 28 | F29: MZ | G29: 0.031435211 | H29: =MATCH(E29,$O$3:$O$27,1) -> 5 | I29: =MATCH(E29,$U$3:$U$28,1) -> 7 | P29: =SUM(P3:P27) -> 1000 | V29: =SUM(V3:V28) -> 1000
A30: 29 | B30: 703 | C30: 24 | D30: 1377 | E30: 47 | F30: KD | G30: 0.031472221 | H30: =MATCH(E30,$O$3:$O$27,1) -> 13 | I30: =MATCH(E30,$U$3:$U$28,1) -> 18
A31: 30 | B31: 340 | C31: 10 | D31: 1521 | E31: 31 | F31: MD | G31: 0.034117173 | H31: =MATCH(E31,$O$3:$O$27,1) -> 6 | I31: =MATCH(E31,$U$3:$U$28,1) -> 10 | N31: Wybór zespołów do próby (lpbz)
A32: 31 | B32: 322 | C32: 24 | D32: 1938 | E32: 32 | F32: MZ | G32: 0.035004205 | H32: =MATCH(E32,$O$3:$O$27,1) -> 6 | I32: =MATCH(E32,$U$3:$U$28,1) -> 10 | N32: 1 | O32: 16 | P32: 0.053063397
A33: 32 | B33: 960 | C33: 24 | D33: 3069 | E33: 30 | F33: MD | G33: 0.037427594 | H33: =MATCH(E33,$O$3:$O$27,1) -> 5 | I33: =MATCH(E33,$U$3:$U$28,1) -> 9 | N33: 2 | O33: 25 | P33: 0.15415259
A34: 33 | B34: 176 | C34: 30 | D34: 7485 | E34: 53 | F34: KZ | G34: 0.041652441 | H34: =MATCH(E34,$O$3:$O$27,1) -> 16 | I34: =MATCH(E34,$U$3:$U$28,1) -> 21 | N34: 3 | O34: 10 | P34: 0.15691346
A35: 34 | B35: 360 | C35: 30 | D35: 2406 | E35: 23 | F35: KZ | G35: 0.043550031 | H35: =MATCH(E35,$O$3:$O$27,1) -> 2 | I35: =MATCH(E35,$U$3:$U$28,1) -> 2 | N35: 4 | O35: 2 | P35: 0.26718447
A36: 35 | B36: 944 | C36: 4 | D36: 1455 | E36: 42 | F36: MD | G36: 0.044449927 | H36: =MATCH(E36,$O$3:$O$27,1) -> 11 | I36: =MATCH(E36,$U$3:$U$28,1) -> 16 | N36: 5 | O36: 6 | P36: 0.27870651
A37: 36 | B37: 743 | C37: 21 | D37: 3160 | E37: 41 | F37: MD | G37: 0.046081803 | H37: =MATCH(E37,$O$3:$O$27,1) -> 10 | I37: =MATCH(E37,$U$3:$U$28,1) -> 15 | N37: 6 | O37: 21 | P37: 0.36195491
A38: 37 | B38: 412 | C38: 33 | D38: 7253 | E38: 35 | F38: MD | G38: 0.046261919 | H38: =MATCH(E38,$O$3:$O$27,1) -> 8 | I38: =MATCH(E38,$U$3:$U$28,1) -> 12 | N38: 7 | O38: 13 | P38: 0.37011013
A39: 38 | B39: 224 | C39: 24 | D39: 2978 | E39: 32 | F39: MD | G39: 0.048202993 | H39: =MATCH(E39,$O$3:$O$27,1) -> 6 | I39: =MATCH(E39,$U$3:$U$28,1) -> 10 | N39: 8 | O39: 19 | P39: 0.37079075
A40: 39 | B40: 803 | C40: 20 | D40: 4272 | E40: 24 | F40: KD | G40: 0.048544676 | H40: =MATCH(E40,$O$3:$O$27,1) -> 3 | I40: =MATCH(E40,$U$3:$U$28,1) -> 3 | N40: 9 | O40: 24 | P40: 0.42760803
A41: 40 | B41: 962 | C41: 21 | D41: 2353 | E41: 47 | F41: MD | G41: 0.050034255 | H41: =MATCH(E41,$O$3:$O$27,1) -> 13 | I41: =MATCH(E41,$U$3:$U$28,1) -> 18 | N41: 10 | O41: 1 | P41: 0.55137727
A42: 41 | B42: 654 | C42: 36 | D42: 8086 | E42: 42 | F42: MZ | G42: 0.053657913 | H42: =MATCH(E42,$O$3:$O$27,1) -> 11 | I42: =MATCH(E42,$U$3:$U$28,1) -> 16 | O42: 11 | P42: 0.56659007
A43: 42 | B43: 559 | C43: 24 | D43: 3552 | E43: 27 | F43: MZ | G43: 0.054090449 | H43: =MATCH(E43,$O$3:$O$27,1) -> 4 | I43: =MATCH(E43,$U$3:$U$28,1) -> 6 | O43: 22 | P43: 0.59284404
A44: 43 | B44: 747 | C44: 15 | D44: 2511 | E44: 23 | F44: KD | G44: 0.054695438 | H44: =MATCH(E44,$O$3:$O$27,1) -> 2 | I44: =MATCH(E44,$U$3:$U$28,1) -> 2 | O44: 7 | P44: 0.6114679
A45: 44 | B45: 789 | C45: 48 | D45: 6224 | E45: 50 | F45: MZ | G45: 0.055761385 | H45: =MATCH(E45,$O$3:$O$27,1) -> 14 | I45: =MATCH(E45,$U$3:$U$28,1) -> 19 | O45: 4 | P45: 0.65263707
A46: 45 | B46: 793 | C46: 6 | D46: 1221 | E46: 27 | F46: MD | G46: 0.056366789 | H46: =MATCH(E46,$O$3:$O$27,1) -> 4 | I46: =MATCH(E46,$U$3:$U$28,1) -> 6 | O46: 14 | P46: 0.68784587
A47: 46 | B47: 846 | C47: 21 | D47: 3976 | E47: 35 | F47: MD | G47: 0.057558175 | H47: =MATCH(E47,$O$3:$O$27,1) -> 8 | I47: =MATCH(E47,$U$3:$U$28,1) -> 12 | O47: 15 | P47: 0.71054928
A48: 47 | B48: 749 | C48: 21 | D48: 5248 | E48: 26 | F48: MD | G48: 0.058667691 | H48: =MATCH(E48,$O$3:$O$27,1) -> 4 | I48: =MATCH(E48,$U$3:$U$28,1) -> 5 | O48: 12 | P48: 0.71901916
A49: 48 | B49: 315 | C49: 4 | D49: 1494 | E49: 29 | F49: MD | G49: 0.058844637 | H49: =MATCH(E49,$O$3:$O$27,1) -> 5 | I49: =MATCH(E49,$U$3:$U$28,1) -> 8 | O49: 8 | P49: 0.73442564
A50: 49 | B50: 650 | C50: 12 | D50: 684 | E50: 40 | F50: MZ | G50: 0.058943065 | H50: =MATCH(E50,$O$3:$O$27,1) -> 10 | I50: =MATCH(E50,$U$3:$U$28,1) -> 15 | O50: 17 | P50: 0.80037004
A51: 50 | B51: 371 | C51: 36 | D51: 3079 | E51: 36 | F51: MD | G51: 0.05933875 | H51: =MATCH(E51,$O$3:$O$27,1) -> 8 | I51: =MATCH(E51,$U$3:$U$28,1) -> 13 | O51: 23 | P51: 0.80125242
A52: 51 | B52: 277 | C52: 18 | D52: 2404 | E52: 26 | F52: KD | G52: 0.060009862 | H52: =MATCH(E52,$O$3:$O$27,1) -> 4 | I52: =MATCH(E52,$U$3:$U$28,1) -> 5 | O52: 18 | P52: 0.81153043
A53: 52 | B53: 275 | C53: 30 | D53: 11998 | E53: 34 | F53: MZ | G53: 0.060175866 | H53: =MATCH(E53,$O$3:$O$27,1) -> 7 | I53: =MATCH(E53,$U$3:$U$28,1) -> 11 | O53: 5 | P53: 0.81547093
... A56: 55 | B56: 762 | C56: 18 | D56: 2124 | E56: 24 | F56: KZ | G56: 0.060773678 | H56: =MATCH(E56,$O$3:$O$27,1) -> 3 | I56: =MATCH(E56,$U$3:$U$28,1) -> 3 | O56: 20 | P56: 0.87209004
A57: 56 | B57: 278 | C57: 12 | D57: 1262 | E57: 49 | F57: MD | G57: 0.062136001 | H57: =MATCH(E57,$O$3:$O$27,1) -> 14 | I57: =MATCH(E57,$U$3:$U$28,1) -> 19
A58: 57 | B58: 27 | C58: 6 | D58: 426 | E58: 39 | F58: MD | G58: 0.062460567 | H58: =MATCH(E58,$O$3:$O$27,1) -> 9 | I58: =MATCH(E58,$U$3:$U$28,1) -> 14
A59: 58 | B59: 327 | C59: 12 | D59: 5801 | E59: 49 | F59: MD | G59: 0.062908329 | H59: =MATCH(E59,$O$3:$O$27,1) -> 14 | I59: =MATCH(E59,$U$3:$U$28,1) -> 19
A60: 59 | B60: 961 | C60: 6 | D60: 1740 | E60: 30 | F60: MD | G60: 0.063454021 | H60: =MATCH(E60,$O$3:$O$27,1) -> 5 | I60: =MATCH(E60,$U$3:$U$28,1) -> 9
A61: 60 | B61: 118 | C61: 10 | D61: 2132 | E61: 27 | F61: KD | G61: 0.063770005 | H61: =MATCH(E61,$O$3:$O$27,1) -> 4 | I61: =MATCH(E61,$U$3:$U$28,1) -> 6
A62: 61 | B62: 402 | C62: 18 | D62: 1887 | E62: 28 | F62: MD | G62: 0.06385887 | H62: =MATCH(E62,$O$3:$O$27,1) -> 5 | I62: =MATCH(E62,$U$3:$U$28,1) -> 7
A63: 62 | B63: 391 | C63: 18 | D63: 1820 | E63: 30 | F63: MD | G63: 0.064908087 | H63: =MATCH(E63,$O$3:$O$27,1) -> 5 | I63: =MATCH(E63,$U$3:$U$28,1) -> 9
A64: 63 | B64: 95 | C64: 12 | D64: 1318 | E64: 54 | F64: MD | G64: 0.066693446 | H64: =MATCH(E64,$O$3:$O$27,1) -> 16 | I64: =MATCH(E64,$U$3:$U$28,1) -> 21
A65: 64 | B65: 464 | C65: 12 | D65: 754 | E65: 38 | F65: MD | G65: 0.068799251 | H65: =MATCH(E65,$O$3:$O$27,1) -> 9 | I65: =MATCH(E65,$U$3:$U$28,1) -> 14
A66: 65 | B66: 856 | C66: 24 | D66: 1474 | E66: 33 | F66: MD | G66: 0.069737868 | H66: =MATCH(E66,$O$3:$O$27,1) -> 7 | I66: =MATCH(E66,$U$3:$U$28,1) -> 11
A67: 66 | B67: 343 | C67: 18 | D67: 3213 | E67: 25 | F67: MD | G67: 0.070052601 | H67: =MATCH(E67,$O$3:$O$27,1) -> 3 | I67: =MATCH(E67,$U$3:$U$28,1) -> 4
A68: 67 | B68: 364 | C68: 6 | D68: 1766 | E68: 21 | F68: MD | G68: 0.070882039 | H68: =MATCH(E68,$O$3:$O$27,1) -> 1 | I68: =MATCH(E68,$U$3:$U$28,1) -> 1
... A1001: 1000 | B1001: 99 | C1001: 36 | D1001: 2337 | E1001: 36 | F1001: MD | G1001: 0.99797598 | H1001: =MATCH(E1001,$O$3:$O$27,1) -> 8 | I1001: =MATCH(E1001,$U$3:$U$28,1) -> 13

Sheet 4.2 Losowanie zespołowe RÓŻN
B2: LOSOWANIE ZESPOŁOWE - PRÓBA RÓŻNOLICZNA
B3: Populację generalną stanowi 1000 kredytobiorców z pewnego niemieckiego banku. Wylosowano 10 zespołów z jednakowymi prawdopodobieństwami wyboru, w którym jednostką losowania jest zespół klientów w danej grupie wiekowej (różnoliczny). Badaną cechą jest czas trwania zadłużenia klienta w miesiącach (Y). Oszacowany zostanie średni czas trwania kredytu na podstawie 387 elementowej próby wstępnej oraz łączny czas trwania kredytów w populacji z błędem nie większym niż 2 miesiące.
C8: Y | D8: M | F8: Wyznaczono liczebności grup, sumy i średnie czasu trwania kredytów z odpowiednich grup.
A9: i | B9: k | C9: czas trwania | D9: grupa | F9: grupa (i) | G9: mi | H9: ŷi | I9: ȳi
A10: 4 | B10: 421 | C10: 15 | D10: 1 | F10: 1 | G10: =COUNTIF($D$10:$D$396,F10) -> 30 | H10: =SUMIF($D$10:$D$396,F10,$C$10:$C$396) -> 611 | I10: =H10/G10 -> 20.366667
A11: 8 | B11: 204 | C11: 12 | D11: 1 | F11: 2 | G11: =COUNTIF($D$10:$D$396,F11) -> 75 | H11: =SUMIF($D$10:$D$396,F11,$C$10:$C$396) -> 1349 | I11: =H11/G11 -> 17.986667
A12: 29 | B12: 364 | C12: 6 | D12: 1 | F12: 6 | G12: =COUNTIF($D$10:$D$396,F12) -> 51 | H12: =SUMIF($D$10:$D$396,F12,$C$10:$C$396) -> 1134 | I12: =H12/G12 -> 22.235294
A13: 36 | B13: 906 | C13: 12 | D13: 1 | F13: 10 | G13: =COUNTIF($D$10:$D$396,F13) -> 72 | H13: =SUMIF($D$10:$D$396,F13,$C$10:$C$396) -> 1618 | I13: =H13/G13 -> 22.472222
A14: 49 | B14: 619 | C14: 30 | D14: 1 | F14: 13 | G14: =COUNTIF($D$10:$D$396,F14) -> 39 | H14: =SUMIF($D$10:$D$396,F14,$C$10:$C$396) -> 839 | I14: =H14/G14 -> 21.512821
A15: 97 | B15: 634 | C15: 9 | D15: 1 | F15: 16 | G15: =COUNTIF($D$10:$D$396,F15) -> 39 | H15: =SUMIF($D$10:$D$396,F15,$C$10:$C$396) -> 871 | I15: =H15/G15 -> 22.333333
A16: 122 | B16: 429 | C16: 9 | D16: 1 | F16: 19 | G16: =COUNTIF($D$10:$D$396,F16) -> 26 | H16: =SUMIF($D$10:$D$396,F16,$C$10:$C$396) -> 490 | I16: =H16/G16 -> 18.846154
A17: 136 | B17: 426 | C17: 18 | D17: 1 | F17: 21 | G17: =COUNTIF($D$10:$D$396,F17) -> 17 | H17: =SUMIF($D$10:$D$396,F17,$C$10:$C$396) -> 399 | I17: =H17/G17 -> 23.470588
A18: 139 | B18: 297 | C18: 12 | D18: 1 | F18: 24 | G18: =COUNTIF($D$10:$D$396,F18) -> 25 | H18: =SUMIF($D$10:$D$396,F18,$C$10:$C$396) -> 513 | I18: =H18/G18 -> 20.52
A19: 146 | B19: 135 | C19: 60 | D19: 1 | F19: 25 | G19: =COUNTIF($D$10:$D$396,F19) -> 13 | H19: =SUMIF($D$10:$D$396,F19,$C$10:$C$396) -> 157 | I19: =H19/G19 -> 12.076923
A20: 148 | B20: 586 | C20: 18 | D20: 1
A21: 156 | B21: 866 | C21: 15 | D21: 1 | F21: Najpierw sprawdzono czy liczebność zespołów próby wstępnej jest wystarczająca do wyliczenia minimalnej liczebności próby.
A22: 167 | B22: 411 | C22: 24 | D22: 1 | F22: Użyto do tego współczynnika zmienności średniej liczby jednostek badania w jednostce losowania.
A23: 218 | B23: 496 | C23: 24 | D23: 1 | F23: M | G23: 1000
A24: 229 | B24: 156 | C24: 12 | D24: 1 | F24: N | G24: 25
A25: 257 | B25: 209 | C25: 24 | D25: 1 | F25: ="M" & _xlfn.UNICHAR(773) -> M̅ | G25: =G23/G24 -> 40
A26: 264 | B26: 392 | C26: 12 | D26: 1 | F26: m' | G26: 387
A27: 265 | B27: 725 | C27: 27 | D27: 1 | F27: n' | G27: 10
A28: 275 | B28: 732 | C28: 24 | D28: 1 | F28: ="m" & _xlfn.UNICHAR(773) -> m̅ | G28: =G26/G27 -> 38.7
A29: 310 | B29: 189 | C29: 12 | D29: 1 | F29: d | G29: 2
A30: 329 | B30: 514 | C30: 12 | D30: 1 | F30: ="V(" & "m" & _xlfn.UNICHAR(773) & ")" -> V(m̅) | G30: {=SQRT(1-(G27/G24))*(1/SQRT(G27))*(SQRT((1/G27)*SUMPRODUCT((G10:G19)^2) - G28^2)/G28)} -> 0.12869307 | H30: < 0,15, czyli próba wstępna jest wystarczająca do oszacowania wariancji globalnej cechy wartości cechy między zespołami z wystarczającą precyzją
A31: 332 | B31: 594 | C31: 24 | D31: 1
A32: 339 | B32: 94 | C32: 24 | D32: 1 | F32: ȳ'z | G32: =SUM(H10:H19)/SUM(G10:G19) -> 20.622739
A33: 343 | B33: 588 | C33: 12 | D33: 1 | F33: s'z2 | G33: {=(1/(G27-1))*SUM((H10:H19-G10:G19*G32)^2)} -> 9569.358
A34: 366 | B34: 638 | C34: 60 | D34: 1 | F34: n | G34: =ROUNDUP(G24/(1+G24*(G25^2)*(G29^2)/(9*G33)),0) -> 9 | H34: Otrzymano minimalną liczebność próby równą 9, próba wstępna ma 10 zespołów,
A35: 368 | B35: 927 | C35: 18 | D35: 1 | H35: zatem dalsze wnioskowanie będzie oparte na próbie n = 10.
A36: 370 | B36: 168 | C36: 11 | D36: 1
A37: 371 | B37: 387 | C37: 18 | D37: 1 | F37: Szacowanie średniej:
A38: 376 | B38: 195 | C38: 45 | D38: 1 | F38: n | G38: 10
A39: 378 | B39: 837 | C39: 12 | D39: 1 | F39: sz2 | G39: {=(1/(G27-1))*SUM((H10:H19-G10:G19*G32)^2)} -> 9569.358
A40: 2 | B40: 597 | C40: 24 | D40: 2 | F40: ȳz | G40: =SUM(H10:H19)/SUM(G10:G19) -> 20.622739
A41: 6 | B41: 744 | C41: 24 | D41: 2 | F41: ="D"&_xlfn.UNICHAR(770) & "²(ȳz)" -> D̂²(ȳz) | G41: =(1-G38/G24)*G39/(G38*(G28^2)) -> 0.3833647
A42: 10 | B42: 472 | C42: 6 | D42: 2 | F42: ="D"&_xlfn.UNICHAR(770) & "(ȳz)" -> D̂(ȳz) | G42: =SQRT(G41) -> 0.61916452
A43: 15 | B43: 360 | C43: 30 | D43: 2
A44: 20 | B44: 747 | C44: 15 | D44: 2 | F44: Oszacowano średni czas trwania kredytu na około 20,62 miesięcy z błędem standardowym wynoszącym około 0,62 miesiąca.
A45: 31 | B45: 742 | C45: 10 | D45: 2
A46: 32 | B46: 2 | C46: 48 | D46: 2 | F46: Szacowanie sumy:
A47: 34 | B47: 13 | C47: 12 | D47: 2 | F47: ŷ | G47: =G40*G23 -> 20622.739
A48: 41 | B48: 935 | C48: 12 | D48: 2 | F48: ="D"&_xlfn.UNICHAR(770) & "²(ŷ)" -> D̂²(ŷ) | G48: =G41*G23^2 -> 383364.7
A49: 45 | B49: 119 | C49: 33 | D49: 2 | F49: ="D"&_xlfn.UNICHAR(770) & "(ŷ)" -> D̂(ŷ) | G49: =SQRT(G48) -> 619.16452
A50: 57 | B50: 832 | C50: 18 | D50: 2
A51: 67 | B51: 347 | C51: 13 | D51: 2 | F51: Oszacowano łączny czas trwania kredytów na około 20622,7 miesięcy z błędem standardowym wynoszącym około 619,16 miesięcy.
A52: 69 | B52: 368 | C52: 18 | D52: 2
A53: 72 | B53: 145 | C53: 21 | D53: 2 | F53: Porównanie z losowaniem indywidualnym:
A54: 76 | B54: 932 | C54: 9 | D54: 2 | F54: s² | G54: =_xlfn.VAR.S(C10:C396) -> 151.61378
A55: 78 | B55: 80 | C55: 30 | D55: 2 | F55: ="D"&_xlfn.UNICHAR(770) & "²(ȳ)" -> D̂²(ȳ) | G55: =(1-G26/G23)*(G54/G26) -> 0.2401531
A56: 91 | B56: 348 | C56: 24 | D56: 2 | F56: ="D"&_xlfn.UNICHAR(770) & "(ȳ)" -> D̂(ȳ) | G56: =SQRT(G55) -> 0.49005418
A57: 92 | B57: 752 | C57: 18 | D57: 2
A58: 99 | B58: 237 | C58: 6 | D58: 2 | G58: =(G41-G55)/G55 -> 0.59633461
A59: 104 | B59: 229 | C59: 9 | D59: 2
A60: 112 | B60: 250 | C60: 18 | D60: 2 | F60: Losowanie proste jest w tym przypadku o około 60% efektywniejsze od losowania zespołowego.
A61: 115 | B61: 843 | C61: 18 | D61: 2
A62: 116 | B62: 112 | C62: 15 | D62: 2
A63: 120 | B63: 281 | C63: 15 | D63: 2
A64: 126 | B64: 230 | C64: 24 | D64: 2
A65: 128 | B65: 614 | C65: 24 | D65: 2
A66: 131 | B66: 624 | C66: 12 | D66: 2
A67: 140 | B67: 615 | C67: 18 | D67: 2
A68: 145 | B68: 556 | C68: 12 | D68: 2
A69: 152 | B69: 60 | C69: 36 | D69: 2
A70: 154 | B70: 993 | C70: 18 | D70: 2
A71: 158 | B71: 753 | C71: 12 | D71: 2
A72: 164 | B72: 310 | C72: 9 | D72: 2
... A396: 384 | B396: 187 | C396: 9 | D396: 25

Sheet 5.1 Kalibracja wag PROP
B2: WAGI W LOSOWANIU WARSTWOWYM Z LOKALIZACJĄ PROPORCJONALNĄ
B3: Populację generalną stanowi 1000 kredytobiorców z pewnego niemieckiego banku. Populacja ta została podzielona na 4 warstwy względem płci i oceny klienta (X1). Badaną cechą jest czas trwania zadłużenia klienta w miesiącach (Y). Wylosowano próbę 200 kredytobiorców stosując lokalizację proporcjonalną próby, aby wyznaczyć wagi warstw, a następnie oszacować liczebność jednostek w warstwach z podziałem na sytuację mieszkaniową (X2).
C8: x1 | D8: y | E8: x2 | H8: Dane do ustalenia wag:
A9: i | B9: k | C9: klient | D9: czas trwania | E9: mieszkanie | F9: waga (dhi) | H9: Warstwa (h) | I9: Liczebność populacji (Nh) | J9: Liczebność próby (nh) | K9: Prawdopodobieństwo inkluzji (πhi) | L9: Waga (dhi)
A10: 1 | B10: 249 | C10: MD | D10: =VLOOKUP('3.1 Losowanie warstwowe PROP'!B10,lw!$A$1:$G$1001,2,FALSE) -> 24 | E10: za darmo | F10: =VLOOKUP(C10,$H$10:$L$13,5,FALSE) -> 4.99 | H10: MD | I10: 499 | J10: =COUNTIF($C$10:$C$209,H10) -> 100 | K10: =J10/I10 -> 0.2004008 | L10: =1/K10 -> 4.99
A11: 2 | B11: 774 | C11: MD | D11: =VLOOKUP('3.1 Losowanie warstwowe PROP'!B11,lw!$A$1:$G$1001,2,FALSE) -> 24 | E11: =VLOOKUP(B11,Dane!$A$1:$G$1001,6,FALSE) -> własność | F11: =VLOOKUP(C11,$H$10:$L$13,5,FALSE) -> 4.99 | H11: MZ | I11: 191 | J11: =COUNTIF($C$10:$C$209,H11) -> 38 | K11: =J11/I11 -> 0.19895288 | L11: =1/K11 -> 5.0263158
A12: 3 | B12: 894 | C12: MD | D12: =VLOOKUP('3.1 Losowanie warstwowe PROP'!B12,lw!$A$1:$G$1001,2,FALSE) -> 36 | E12: =VLOOKUP(B12,Dane!$A$1:$G$1001,6,FALSE) -> własność | F12: =VLOOKUP(C12,$H$10:$L$13,5,FALSE) -> 4.99 | H12: KD | I12: 201 | J12: =COUNTIF($C$10:$C$209,H12) -> 40 | K12: =J12/I12 -> 0.19900498 | L12: =1/K12 -> 5.025
A13: 4 | B13: 124 | C13: MD | D13: =VLOOKUP('3.1 Losowanie warstwowe PROP'!B13,lw!$A$1:$G$1001,2,FALSE) -> 10 | E13: =VLOOKUP(B13,Dane!$A$1:$G$1001,6,FALSE) -> za darmo | F13: =VLOOKUP(C13,$H$10:$L$13,5,FALSE) -> 4.99 | H13: KZ | I13: 109 | J13: =COUNTIF($C$10:$C$209,H13) -> 22 | K13: =J13/I13 -> 0.20183486 | L13: =1/K13 -> 4.9545455
A14: 5 | B14: 887 | C14: MD | D14: =VLOOKUP('3.1 Losowanie warstwowe PROP'!B14,lw!$A$1:$G$1001,2,FALSE) -> 24 | E14: =VLOOKUP(B14,Dane!$A$1:$G$1001,6,FALSE) -> własność | F14: =VLOOKUP(C14,$H$10:$L$13,5,FALSE) -> 4.99
A15: 6 | B15: 265 | C15: MD | D15: =VLOOKUP('3.1 Losowanie warstwowe PROP'!B15,lw!$A$1:$G$1001,2,FALSE) -> 10 | E15: =VLOOKUP(B15,Dane!$A$1:$G$1001,6,FALSE) -> własność | F15: =VLOOKUP(C15,$H$10:$L$13,5,FALSE) -> 4.99 | H15: Otrzymane wagi mieszczą się w przedziale od 4,95 do 5,03, co oznacza, że każda jednostka w próbie reprezentuje średnio około 5 osób z populacji generalnej.
A16: 7 | B16: 907 | C16: MD | D16: =VLOOKUP('3.1 Losowanie warstwowe PROP'!B16,lw!$A$1:$G$1001,2,FALSE) -> 21 | E16: =VLOOKUP(B16,Dane!$A$1:$G$1001,6,FALSE) -> własność | F16: =VLOOKUP(C16,$H$10:$L$13,5,FALSE) -> 4.99
A17: 8 | B17: 811 | C17: MD | D17: =VLOOKUP('3.1 Losowanie warstwowe PROP'!B17,lw!$A$1:$G$1001,2,FALSE) -> 8 | E17: =VLOOKUP(B17,Dane!$A$1:$G$1001,6,FALSE) -> własność | F17: =VLOOKUP(C17,$H$10:$L$13,5,FALSE) -> 4.99 | H17: Na podstawie zastosowanych wag oszacowano strukturę sytuacji mieszkaniowej w całej populacji 1000 kredytobiorców.
A18: 9 | B18: 831 | C18: MD | D18: =VLOOKUP('3.1 Losowanie warstwowe PROP'!B18,lw!$A$1:$G$1001,2,FALSE) -> 24 | E18: =VLOOKUP(B18,Dane!$A$1:$G$1001,6,FALSE) -> własność | F18: =VLOOKUP(C18,$H$10:$L$13,5,FALSE) -> 4.99 | H18: Rozkład odpowiedzi na pytanie dot. sytuacji mieszkaniowej
A19: 10 | B19: 34 | C19: MD | D19: =VLOOKUP('3.1 Losowanie warstwowe PROP'!B19,lw!$A$1:$G$1001,2,FALSE) -> 12 | E19: =VLOOKUP(B19,Dane!$A$1:$G$1001,6,FALSE) -> wynajem | F19: =VLOOKUP(C19,$H$10:$L$13,5,FALSE) -> 4.99 | H19: Mieszkanie | I19: Liczebność w próbie | J19: % | K19: Szacunek liczebności dla populacji | L19: Szacunek % dla populacji
A20: 11 | B20: 587 | C20: MD | D20: =VLOOKUP('3.1 Losowanie warstwowe PROP'!B20,lw!$A$1:$G$1001,2,FALSE) -> 9 | E20: =VLOOKUP(B20,Dane!$A$1:$G$1001,6,FALSE) -> wynajem | F20: =VLOOKUP(C20,$H$10:$L$13,5,FALSE) -> 4.99 | H20: własność | I20: =COUNTIF($E$10:$E$209,H20) -> 143 | J20: =I20/$I$23 -> 0.715 | K20: =SUMIF($E$10:$E$209,H20,$F$10:$F$209) -> 715.0333 | L20: =K20/$K$23 -> 0.7150333
A21: 12 | B21: 561 | C21: MD | D21: =VLOOKUP('3.1 Losowanie warstwowe PROP'!B21,lw!$A$1:$G$1001,2,FALSE) -> 24 | E21: =VLOOKUP(B21,Dane!$A$1:$G$1001,6,FALSE) -> za darmo | F21: =VLOOKUP(C21,$H$10:$L$13,5,FALSE) -> 4.99 | H21: wynajem | I21: =COUNTIF($E$10:$E$209,H21) -> 28 | J21: =I21/$I$23 -> 0.14 | K21: =SUMIF($E$10:$E$209,H21,$F$10:$F$209) -> 139.96754 | L21: =K21/$K$23 -> 0.13996754
A22: 13 | B22: 934 | C22: MD | D22: =VLOOKUP('3.1 Losowanie warstwowe PROP'!B22,lw!$A$1:$G$1001,2,FALSE) -> 12 | E22: =VLOOKUP(B22,Dane!$A$1:$G$1001,6,FALSE) -> własność | F22: =VLOOKUP(C22,$H$10:$L$13,5,FALSE) -> 4.99 | H22: za darmo | I22: =COUNTIF($E$10:$E$209,H22) -> 29 | J22: =I22/$I$23 -> 0.145 | K22: =SUMIF($E$10:$E$209,H22,$F$10:$F$209) -> 144.99916 | L22: =K22/$K$23 -> 0.14499916
A23: 14 | B23: 515 | C23: MD | D23: =VLOOKUP('3.1 Losowanie warstwowe PROP'!B23,lw!$A$1:$G$1001,2,FALSE) -> 24 | E23: =VLOOKUP(B23,Dane!$A$1:$G$1001,6,FALSE) -> własność | F23: =VLOOKUP(C23,$H$10:$L$13,5,FALSE) -> 4.99 | H23: Suma: | I23: =SUM(I20:I22) -> 200 | J23: =SUM(J20:J22) -> 1 | K23: =SUM(K20:K22) -> 1000 | L23: =SUM(L20:L22) -> 1
A24: 15 | B24: 8 | C24: MD | D24: =VLOOKUP('3.1 Losowanie warstwowe PROP'!B24,lw!$A$1:$G$1001,2,FALSE) -> 36 | E24: =VLOOKUP(B24,Dane!$A$1:$G$1001,6,FALSE) -> wynajem | F24: =VLOOKUP(C24,$H$10:$L$13,5,FALSE) -> 4.99
A25: 16 | B25: 610 | C25: MD | D25: =VLOOKUP('3.1 Losowanie warstwowe PROP'!B25,lw!$A$1:$G$1001,2,FALSE) -> 15 | E25: =VLOOKUP(B25,Dane!$A$1:$G$1001,6,FALSE) -> za darmo | F25: =VLOOKUP(C25,$H$10:$L$13,5,FALSE) -> 4.99 | H25: Wyniki wskazują, że około 72% klientów mieszka we własnym mieszkaniu, 14% wynajmuje mieszkanie, a około 14% mieszka bez ponoszenia kosztów mieszkaniowych („za darmo”).
A26: 17 | B26: 40 | C26: MD | D26: =VLOOKUP('3.1 Losowanie warstwowe PROP'!B26,lw!$A$1:$G$1001,2,FALSE) -> 9 | E26: =VLOOKUP(B26,Dane!$A$1:$G$1001,6,FALSE) -> własność | F26: =VLOOKUP(C26,$H$10:$L$13,5,FALSE) -> 4.99
A27: 18 | B27: 324 | C27: MD | D27: =VLOOKUP('3.1 Losowanie warstwowe PROP'!B27,lw!$A$1:$G$1001,2,FALSE) -> 18 | E27: =VLOOKUP(B27,Dane!$A$1:$G$1001,6,FALSE) -> własność | F27: =VLOOKUP(C27,$H$10:$L$13,5,FALSE) -> 4.99
A28: 19 | B28: 158 | C28: MD | D28: =VLOOKUP('3.1 Losowanie warstwowe PROP'!B28,lw!$A$1:$G$1001,2,FALSE) -> 12 | E28: =VLOOKUP(B28,Dane!$A$1:$G$1001,6,FALSE) -> własność | F28: =VLOOKUP(C28,$H$10:$L$13,5,FALSE) -> 4.99
A29: 20 | B29: 208 | C29: MD | D29: =VLOOKUP('3.1 Losowanie warstwowe PROP'!B29,lw!$A$1:$G$1001,2,FALSE) -> 12 | E29: =VLOOKUP(B29,Dane!$A$1:$G$1001,6,FALSE) -> własność | F29: =VLOOKUP(C29,$H$10:$L$13,5,FALSE) -> 4.99
A30: 21 | B30: 699 | C30: MD | D30: =VLOOKUP('3.1 Losowanie warstwowe PROP'!B30,lw!$A$1:$G$1001,2,FALSE) -> 18 | E30: =VLOOKUP(B30,Dane!$A$1:$G$1001,6,FALSE) -> własność | F30: =VLOOKUP(C30,$H$10:$L$13,5,FALSE) -> 4.99
A31: 22 | B31: 246 | C31: MD | D31: =VLOOKUP('3.1 Losowanie warstwowe PROP'!B31,lw!$A$1:$G$1001,2,FALSE) -> 24 | E31: =VLOOKUP(B31,Dane!$A$1:$G$1001,6,FALSE) -> własność | F31: =VLOOKUP(C31,$H$10:$L$13,5,FALSE) -> 4.99
A32: 23 | B32: 801 | C32: MD | D32: =VLOOKUP('3.1 Losowanie warstwowe PROP'!B32,lw!$A$1:$G$1001,2,FALSE) -> 24 | E32: =VLOOKUP(B32,Dane!$A$1:$G$1001,6,FALSE) -> za darmo | F32: =VLOOKUP(C32,$H$10:$L$13,5,FALSE) -> 4.99
A33: 24 | B33: 914 | C33: MD | D33: =VLOOKUP('3.1 Losowanie warstwowe PROP'!B33,lw!$A$1:$G$1001,2,FALSE) -> 11 | E33: =VLOOKUP(B33,Dane!$A$1:$G$1001,6,FALSE) -> własność | F33: =VLOOKUP(C33,$H$10:$L$13,5,FALSE) -> 4.99
A34: 25 | B34: 519 | C34: MD | D34: =VLOOKUP('3.1 Losowanie warstwowe PROP'!B34,lw!$A$1:$G$1001,2,FALSE) -> 6 | E34: =VLOOKUP(B34,Dane!$A$1:$G$1001,6,FALSE) -> własność | F34: =VLOOKUP(C34,$H$10:$L$13,5,FALSE) -> 4.99
A35: 26 | B35: 217 | C35: MD | D35: =VLOOKUP('3.1 Losowanie warstwowe PROP'!B35,lw!$A$1:$G$1001,2,FALSE) -> 18 | E35: =VLOOKUP(B35,Dane!$A$1:$G$1001,6,FALSE) -> własność | F35: =VLOOKUP(C35,$H$10:$L$13,5,FALSE) -> 4.99
A36: 27 | B36: 892 | C36: MD | D36: =VLOOKUP('3.1 Losowanie warstwowe PROP'!B36,lw!$A$1:$G$1001,2,FALSE) -> 15 | E36: =VLOOKUP(B36,Dane!$A$1:$G$1001,6,FALSE) -> własność | F36: =VLOOKUP(C36,$H$10:$L$13,5,FALSE) -> 4.99
A37: 28 | B37: 609 | C37: MD | D37: =VLOOKUP('3.1 Losowanie warstwowe PROP'!B37,lw!$A$1:$G$1001,2,FALSE) -> 18 | E37: =VLOOKUP(B37,Dane!$A$1:$G$1001,6,FALSE) -> własność | F37: =VLOOKUP(C37,$H$10:$L$13,5,FALSE) -> 4.99
... A209: 200 | B209: 420 | C209: KZ | D209: =VLOOKUP('3.1 Losowanie warstwowe PROP'!B209,lw!$A$1:$G$1001,2,FALSE) -> 18 | E209: =VLOOKUP(B209,Dane!$A$1:$G$1001,6,FALSE) -> własność | F209: =VLOOKUP(C209,$H$10:$L$13,5,FALSE) -> 4.9545455

Sheet 5.2 Kalibracja wag RÓWN
B2: WAGI W LOSOWANIU WARSTWOWYM Z LOKALIZACJĄ RÓWNOLICZNĄ
B3: Populację generalną stanowi 1000 kredytobiorców z pewnego niemieckiego banku. Populacja ta została podzielona na 4 warstwy względem płci i oceny klienta (X1). Badaną cechą jest czas trwania zadłużenia klienta w miesiącach (Y). Wylosowano próbę 200 kredytobiorców stosując lokalizację równoliczną próby, aby wyznaczyć wagi warstw, a następnie oszacować liczebność jednostek w warstwach z podziałem na sytuację mieszkaniową (X2).
C8: x1 | D8: y | E8: x2 | H8: Dane do ustalenia wag:
A9: i | B9: k | C9: klient | D9: czas trwania | E9: mieszkanie | F9: waga (dhi) | H9: Warstwa (h) | I9: Liczebność populacji (Nh) | J9: Liczebność próby (nh) | K9: Prawdopodobieństwo inkluzji (πhi) | L9: Waga (dhi)
A10: 1 | B10: 249 | C10: MD | D10: 24 | E10: =VLOOKUP(B10,Dane!$A$1:$G$1001,6,FALSE) -> własność | F10: =VLOOKUP(C10,$H$10:$L$13,5,FALSE) -> 9.98 | H10: MD | I10: 499 | J10: =COUNTIF($C$10:$C$209,H10) -> 50 | K10: =J10/I10 -> 0.1002004 | L10: =1/K10 -> 9.98
A11: 2 | B11: 774 | C11: MD | D11: 24 | E11: =VLOOKUP(B11,Dane!$A$1:$G$1001,6,FALSE) -> własność | F11: =VLOOKUP(C11,$H$10:$L$13,5,FALSE) -> 9.98 | H11: MZ | I11: 191 | J11: =COUNTIF($C$10:$C$209,H11) -> 50 | K11: =J11/I11 -> 0.2617801 | L11: =1/K11 -> 3.82
A12: 3 | B12: 894 | C12: MD | D12: 36 | E12: =VLOOKUP(B12,Dane!$A$1:$G$1001,6,FALSE) -> własność | F12: =VLOOKUP(C12,$H$10:$L$13,5,FALSE) -> 9.98 | H12: KD | I12: 201 | J12: =COUNTIF($C$10:$C$209,H12) -> 50 | K12: =J12/I12 -> 0.24875622 | L12: =1/K12 -> 4.02
A13: 4 | B13: 124 | C13: MD | D13: 10 | E13: =VLOOKUP(B13,Dane!$A$1:$G$1001,6,FALSE) -> za darmo | F13: =VLOOKUP(C13,$H$10:$L$13,5,FALSE) -> 9.98 | H13: KZ | I13: 109 | J13: =COUNTIF($C$10:$C$209,H13) -> 50 | K13: =J13/I13 -> 0.4587156 | L13: =1/K13 -> 2.18
A14: 5 | B14: 887 | C14: MD | D14: 24 | E14: =VLOOKUP(B14,Dane!$A$1:$G$1001,6,FALSE) -> własność | F14: =VLOOKUP(C14,$H$10:$L$13,5,FALSE) -> 9.98
A15: 6 | B15: 265 | C15: MD | D15: 10 | E15: =VLOOKUP(B15,Dane!$A$1:$G$1001,6,FALSE) -> własność | F15: =VLOOKUP(C15,$H$10:$L$13,5,FALSE) -> 9.98 | H15: Otrzymane wagi mieszczą się w przedziale od 2,18 do 9,98, co oznacza, że jednostki w grupach reprezentują różne liczby jednostek w całej populacji.
A16: 7 | B16: 907 | C16: MD | D16: 21 | E16: =VLOOKUP(B16,Dane!$A$1:$G$1001,6,FALSE) -> własność | F16: =VLOOKUP(C16,$H$10:$L$13,5,FALSE) -> 9.98
A17: 8 | B17: 811 | C17: MD | D17: 8 | E17: =VLOOKUP(B17,Dane!$A$1:$G$1001,6,FALSE) -> własność | F17: =VLOOKUP(C17,$H$10:$L$13,5,FALSE) -> 9.98 | H17: Na podstawie zastosowanych wag oszacowano strukturę sytuacji mieszkaniowej w całej populacji 1000 kredytobiorców.
A18: 9 | B18: 831 | C18: MD | D18: 24 | E18: =VLOOKUP(B18,Dane!$A$1:$G$1001,6,FALSE) -> własność | F18: =VLOOKUP(C18,$H$10:$L$13,5,FALSE) -> 9.98 | H18: Rozkład odpowiedzi na pytanie dot. sytuacji mieszkaniowej
A19: 10 | B19: 34 | C19: MD | D19: 12 | E19: =VLOOKUP(B19,Dane!$A$1:$G$1001,6,FALSE) -> wynajem | F19: =VLOOKUP(C19,$H$10:$L$13,5,FALSE) -> 9.98 | H19: Mieszkanie | I19: Liczebność w próbie | J19: % | K19: Szacunek liczebności dla populacji | L19: Szacunek % dla populacji
A20: 11 | B20: 587 | C20: MD | D20: 9 | E20: =VLOOKUP(B20,Dane!$A$1:$G$1001,6,FALSE) -> wynajem | F20: =VLOOKUP(C20,$H$10:$L$13,5,FALSE) -> 9.98 | H20: własność | I20: =COUNTIF($E$10:$E$209,H20) -> 134 | J20: =I20/$I$23 -> 0.67 | K20: =SUMIF($E$10:$E$209,H20,$F$10:$F$209) -> 707.04 | L20: =K20/$K$23 -> 0.70704
A21: 12 | B21: 561 | C21: MD | D21: 24 | E21: =VLOOKUP(B21,Dane!$A$1:$G$1001,6,FALSE) -> za darmo | F21: =VLOOKUP(C21,$H$10:$L$13,5,FALSE) -> 9.98 | H21: wynajem | I21: =COUNTIF($E$10:$E$209,H21) -> 40 | J21: =I21/$I$23 -> 0.2 | K21: =SUMIF($E$10:$E$209,H21,$F$10:$F$209) -> 165.92 | L21: =K21/$K$23 -> 0.16592
A22: 13 | B22: 934 | C22: MD | D22: 12 | E22: =VLOOKUP(B22,Dane!$A$1:$G$1001,6,FALSE) -> własność | F22: =VLOOKUP(C22,$H$10:$L$13,5,FALSE) -> 9.98 | H22: za darmo | I22: =COUNTIF($E$10:$E$209,H22) -> 26 | J22: =I22/$I$23 -> 0.13 | K22: =SUMIF($E$10:$E$209,H22,$F$10:$F$209) -> 127.04 | L22: =K22/$K$23 -> 0.12704
A23: 14 | B23: 515 | C23: MD | D23: 24 | E23: =VLOOKUP(B23,Dane!$A$1:$G$1001,6,FALSE) -> własność | F23: =VLOOKUP(C23,$H$10:$L$13,5,FALSE) -> 9.98 | H23: Suma: | I23: =SUM(I20:I22) -> 200 | J23: =SUM(J20:J22) -> 1 | K23: =SUM(K20:K22) -> 1000 | L23: =SUM(L20:L22) -> 1
A24: 15 | B24: 8 | C24: MD | D24: 36 | E24: =VLOOKUP(B24,Dane!$A$1:$G$1001,6,FALSE) -> wynajem | F24: =VLOOKUP(C24,$H$10:$L$13,5,FALSE) -> 9.98
A25: 16 | B25: 610 | C25: MD | D25: 15 | E25: =VLOOKUP(B25,Dane!$A$1:$G$1001,6,FALSE) -> za darmo | F25: =VLOOKUP(C25,$H$10:$L$13,5,FALSE) -> 9.98 | H25: Wyniki wskazują, że około 71% klientów mieszka we własnym mieszkaniu, 17% wynajmuje mieszkanie, a około 13% mieszka bez ponoszenia kosztów mieszkaniowych („za darmo”).
A26: 17 | B26: 40 | C26: MD | D26: 9 | E26: =VLOOKUP(B26,Dane!$A$1:$G$1001,6,FALSE) -> własność | F26: =VLOOKUP(C26,$H$10:$L$13,5,FALSE) -> 9.98
A27: 18 | B27: 324 | C27: MD | D27: 18 | E27: =VLOOKUP(B27,Dane!$A$1:$G$1001,6,FALSE) -> własność | F27: =VLOOKUP(C27,$H$10:$L$13,5,FALSE) -> 9.98
A28: 19 | B28: 158 | C28: MD | D28: 12 | E28: =VLOOKUP(B28,Dane!$A$1:$G$1001,6,FALSE) -> własność | F28: =VLOOKUP(C28,$H$10:$L$13,5,FALSE) -> 9.98
A29: 20 | B29: 208 | C29: MD | D29: 12 | E29: =VLOOKUP(B29,Dane!$A$1:$G$1001,6,FALSE) -> własność | F29: =VLOOKUP(C29,$H$10:$L$13,5,FALSE) -> 9.98
A30: 21 | B30: 699 | C30: MD | D30: 18 | E30: =VLOOKUP(B30,Dane!$A$1:$G$1001,6,FALSE) -> własność | F30: =VLOOKUP(C30,$H$10:$L$13,5,FALSE) -> 9.98
A31: 22 | B31: 246 | C31: MD | D31: 24 | E31: =VLOOKUP(B31,Dane!$A$1:$G$1001,6,FALSE) -> własność | F31: =VLOOKUP(C31,$H$10:$L$13,5,FALSE) -> 9.98
A32: 23 | B32: 801 | C32: MD | D32: 24 | E32: =VLOOKUP(B32,Dane!$A$1:$G$1001,6,FALSE) -> za darmo | F32: =VLOOKUP(C32,$H$10:$L$13,5,FALSE) -> 9.98
A33: 24 | B33: 914 | C33: MD | D33: 11 | E33: =VLOOKUP(B33,Dane!$A$1:$G$1001,6,FALSE) -> własność | F33: =VLOOKUP(C33,$H$10:$L$13,5,FALSE) -> 9.98
A34: 25 | B34: 519 | C34: MD | D34: 6 | E34: =VLOOKUP(B34,Dane!$A$1:$G$1001,6,FALSE) -> własność | F34: =VLOOKUP(C34,$H$10:$L$13,5,FALSE) -> 9.98
A35: 26 | B35: 217 | C35: MD | D35: 18 | E35: =VLOOKUP(B35,Dane!$A$1:$G$1001,6,FALSE) -> własność | F35: =VLOOKUP(C35,$H$10:$L$13,5,FALSE) -> 9.98
A36: 27 | B36: 892 | C36: MD | D36: 15 | E36: =VLOOKUP(B36,Dane!$A$1:$G$1001,6,FALSE) -> własność | F36: =VLOOKUP(C36,$H$10:$L$13,5,FALSE) -> 9.98
A37: 28 | B37: 609 | C37: MD | D37: 18 | E37: =VLOOKUP(B37,Dane!$A$1:$G$1001,6,FALSE) -> własność | F37: =VLOOKUP(C37,$H$10:$L$13,5,FALSE) -> 9.98
... A209: 200 | B209: 615 | C209: KZ | D209: 18 | E209: =VLOOKUP(B209,Dane!$A$1:$G$1001,6,FALSE) -> własność | F209: =VLOOKUP(C209,$H$10:$L$13,5,FALSE) -> 2.18

Sheet dane_wagi
A1: i | B1: k | C1: czas trwania | D1: kwota kredytu | E1: wiek | F1: klient | G1: mieszkanie
A2: 1 | B2: 608 | C2: 36 | D2: 2671 | E2: 50 | F2: KZ | G2: =VLOOKUP(B2,Dane!$A$1:$G$1001,6,FALSE) -> za darmo
A3: 2 | B3: 388 | C3: 18 | D3: 7374 | E3: 40 | F3: MD | G3: =VLOOKUP(B3,Dane!$A$1:$G$1001,6,FALSE) -> własność
A4: 3 | B4: 385 | C4: 30 | D4: 4272 | E4: 26 | F4: MD | G4: =VLOOKUP(B4,Dane!$A$1:$G$1001,6,FALSE) -> własność
A5: 4 | B5: 453 | C5: 12 | D5: 2759 | E5: 34 | F5: MD | G5: =VLOOKUP(B5,Dane!$A$1:$G$1001,6,FALSE) -> własność
A6: 5 | B6: 169 | C6: 24 | D6: 3972 | E6: 25 | F6: KD | G6: =VLOOKUP(B6,Dane!$A$1:$G$1001,6,FALSE) -> wynajem
A7: 6 | B7: 811 | C7: 8 | D7: 907 | E7: 26 | F7: MD | G7: =VLOOKUP(B7,Dane!$A$1:$G$1001,6,FALSE) -> własność
A8: 7 | B8: 564 | C8: 36 | D8: 12389 | E8: 37 | F8: MZ | G8: =VLOOKUP(B8,Dane!$A$1:$G$1001,6,FALSE) -> za darmo
A9: 8 | B9: 802 | C9: 18 | D9: 1795 | E9: 48 | F9: KD | G9: =VLOOKUP(B9,Dane!$A$1:$G$1001,6,FALSE) -> wynajem
A10: 9 | B10: 136 | C10: 12 | D10: 1240 | E10: 38 | F10: KD | G10: =VLOOKUP(B10,Dane!$A$1:$G$1001,6,FALSE) -> własność
A11: 10 | B11: 597 | C11: 24 | D11: 1442 | E11: 23 | F11: KZ | G11: =VLOOKUP(B11,Dane!$A$1:$G$1001,6,FALSE) -> wynajem
A12: 11 | B12: 256 | C12: 60 | D12: 7418 | E12: 27 | F12: MD | G12: =VLOOKUP(B12,Dane!$A$1:$G$1001,6,FALSE) -> własność
A13: 12 | B13: 255 | C13: 9 | D13: 2030 | E13: 24 | F13: MD | G13: =VLOOKUP(B13,Dane!$A$1:$G$1001,6,FALSE) -> własność
... A1001: 1000 | B1001: 99 | C1001: 36 | D1001: 2337 | E1001: 36 | F1001: MD | G1001: =VLOOKUP(B1001,Dane!$A$1:$G$1001,6,FALSE) -> własność

Sheet 5.3 Kalibracja wag InfoS
B2: KALIBRACJA WAG INFOS
B3: Populację generalną stanowi 1000 kredytobiorców z pewnego niemieckiego banku. Populacja ta została podzielona na 4 warstwy względem płci i oceny klienta (X1). Badaną cechą jest czas trwania zadłużenia klienta w miesiącach (Y). Wylosowano bez zwracania próbę wstępną 300 kredytobiorców, jednak tylko 250 osób zgodziło się wziąć udział w badaniu. Oszacowana zostanie suma czasu trwania kredytu, wykorzystując informacje o płci i ocenie klienta dla wszystkich osób wylosowanych do próby.
C8: y | D8: x1
A9: i | B9: k | C9: czas trwania | D9: klient | E9: udział w badaniu 1-tak, 0-nie | F9: di | G9: whi
A10: 1 | B10: 608 | C10: b.d. | D10: KZ | E10: 0 | F10: =$J$13 -> 3.3333333 | G10: =VLOOKUP(D10,$I$21:$M$24,5,FALSE) -> 3.8709677 | I10: N | J10: 1000
A11: 2 | B11: 388 | C11: b.d. | D11: MD | E11: 0 | F11: =$J$13 -> 3.3333333 | G11: =VLOOKUP(D11,$I$21:$M$24,5,FALSE) -> 4.1025641 | I11: n | J11: 300
A12: 3 | B12: 385 | C12: b.d. | D12: MD | E12: 0 | F12: =$J$13 -> 3.3333333 | G12: =VLOOKUP(D12,$I$21:$M$24,5,FALSE) -> 4.1025641 | I12: nr | J12: 250
A13: 4 | B13: 453 | C13: b.d. | D13: MD | E13: 0 | F13: =$J$13 -> 3.3333333 | G13: =VLOOKUP(D13,$I$21:$M$24,5,FALSE) -> 4.1025641 | I13: di | J13: =J10/J11 -> 3.3333333 | K13: Waga wynikająca ze schematu losowania
A14: 5 | B14: 169 | C14: b.d. | D14: KD | E14: 0 | F14: =$J$13 -> 3.3333333 | G14: =VLOOKUP(D14,$I$21:$M$24,5,FALSE) -> 3.9393939
A15: 6 | B15: 811 | C15: b.d. | D15: MD | E15: 0 | F15: =$J$13 -> 3.3333333 | G15: =VLOOKUP(D15,$I$21:$M$24,5,FALSE) -> 4.1025641 | I15: Szacunek sumy czasu trwania kredytu bez wykorzystania informacji dodatkowej:
A16: 7 | B16: 564 | C16: b.d. | D16: MZ | E16: 0 | F16: =$J$13 -> 3.3333333 | G16: =VLOOKUP(D16,$I$21:$M$24,5,FALSE) -> 3.9007092 | I16: ŷ | J16: =SUMPRODUCT($F$10:$F$309,$C$10:$C$309) -> 17493.333 | K16: Bez korekty na braki odpowiedzi
A17: 8 | B17: 802 | C17: b.d. | D17: KD | E17: 0 | F17: =$J$13 -> 3.3333333 | G17: =VLOOKUP(D17,$I$21:$M$24,5,FALSE) -> 3.9393939 | I17: ŷ | J17: =J16*J11/J12 -> 20992 | K17: Przyjmując jednakową skłonność do odpowiedzi
A18: 9 | B18: 136 | C18: b.d. | D18: KD | E18: 0 | F18: =$J$13 -> 3.3333333 | G18: =VLOOKUP(D18,$I$21:$M$24,5,FALSE) -> 3.9393939
A19: 10 | B19: 597 | C19: b.d. | D19: KZ | E19: 0 | F19: =$J$13 -> 3.3333333 | G19: =VLOOKUP(D19,$I$21:$M$24,5,FALSE) -> 3.8709677 | I19: Obliczenia pośrednie: | M19: Wagi po uwzględnieniu braków danych
A20: 11 | B20: 256 | C20: b.d. | D20: MD | E20: 0 | F20: =$J$13 -> 3.3333333 | G20: =VLOOKUP(D20,$I$21:$M$24,5,FALSE) -> 4.1025641 | I20: Grupa | J20: nh | K20: nr | L20: p̂hi | M20: whi = di / p̂hi
A21: 12 | B21: 255 | C21: b.d. | D21: MD | E21: 0 | F21: =$J$13 -> 3.3333333 | G21: =VLOOKUP(D21,$I$21:$M$24,5,FALSE) -> 4.1025641 | I21: MD | J21: =COUNTIF($D$10:$D$309,I21) -> 144 | K21: =SUMIF($D$10:$D$309,I21,$E$10:$E$309) -> 117 | L21: =K21/J21 -> 0.8125 | M21: =$J$13/L21 -> 4.1025641
A22: 13 | B22: 421 | C22: b.d. | D22: KD | E22: 0 | F22: =$J$13 -> 3.3333333 | G22: =VLOOKUP(D22,$I$21:$M$24,5,FALSE) -> 3.9393939 | I22: MZ | J22: =COUNTIF($D$10:$D$309,I22) -> 55 | K22: =SUMIF($D$10:$D$309,I22,$E$10:$E$309) -> 47 | L22: =K22/J22 -> 0.85454545 | M22: =$J$13/L22 -> 3.9007092
A23: 14 | B23: 573 | C23: b.d. | D23: KD | E23: 0 | F23: =$J$13 -> 3.3333333 | G23: =VLOOKUP(D23,$I$21:$M$24,5,FALSE) -> 3.9393939 | I23: KD | J23: =COUNTIF($D$10:$D$309,I23) -> 65 | K23: =SUMIF($D$10:$D$309,I23,$E$10:$E$309) -> 55 | L23: =K23/J23 -> 0.84615385 | M23: =$J$13/L23 -> 3.9393939
A24: 15 | B24: 294 | C24: b.d. | D24: MD | E24: 0 | F24: =$J$13 -> 3.3333333 | G24: =VLOOKUP(D24,$I$21:$M$24,5,FALSE) -> 4.1025641 | I24: KZ | J24: =COUNTIF($D$10:$D$309,I24) -> 36 | K24: =SUMIF($D$10:$D$309,I24,$E$10:$E$309) -> 31 | L24: =K24/J24 -> 0.86111111 | M24: =$J$13/L24 -> 3.8709677
A25: 16 | B25: 17 | C25: b.d. | D25: MD | E25: 0 | F25: =$J$13 -> 3.3333333 | G25: =VLOOKUP(D25,$I$21:$M$24,5,FALSE) -> 4.1025641 | I25: Suma: | J25: =SUM(J21:J24) -> 300 | K25: =SUM(K21:K24) -> 250
A26: 17 | B26: 899 | C26: b.d. | D26: KD | E26: 0 | F26: =$J$13 -> 3.3333333 | G26: =VLOOKUP(D26,$I$21:$M$24,5,FALSE) -> 3.9393939
A27: 18 | B27: 232 | C27: b.d. | D27: MD | E27: 0 | F27: =$J$13 -> 3.3333333 | G27: =VLOOKUP(D27,$I$21:$M$24,5,FALSE) -> 4.1025641 | I27: Szacunek sumy z wykorzystaniem informacji dodatkowej:
A28: 19 | B28: 948 | C28: b.d. | D28: MD | E28: 0 | F28: =$J$13 -> 3.3333333 | G28: =VLOOKUP(D28,$I$21:$M$24,5,FALSE) -> 4.1025641 | I28: ŷ | J28: =SUMPRODUCT(G10:G309,C10:C309) -> 20948.862
A29: 20 | B29: 744 | C29: b.d. | D29: MD | E29: 0 | F29: =$J$13 -> 3.3333333 | G29: =VLOOKUP(D29,$I$21:$M$24,5,FALSE) -> 4.1025641
A30: 21 | B30: 671 | C30: b.d. | D30: MD | E30: 0 | F30: =$J$13 -> 3.3333333 | G30: =VLOOKUP(D30,$I$21:$M$24,5,FALSE) -> 4.1025641 | I30: Oszacowano łączny czas trwania kredytów na około 20948,86 miesięcy.
A31: 22 | B31: 204 | C31: b.d. | D31: MZ | E31: 0 | F31: =$J$13 -> 3.3333333 | G31: =VLOOKUP(D31,$I$21:$M$24,5,FALSE) -> 3.9007092 | I31: Oszacowana suma z wykorzystaniem informacji dodatkowej jest zbliżona do tej wyliczonej podczas przyjęcia jednakowej skłonności do odpowiedzi,
A32: 23 | B32: 718 | C32: b.d. | D32: MD | E32: 0 | F32: =$J$13 -> 3.3333333 | G32: =VLOOKUP(D32,$I$21:$M$24,5,FALSE) -> 4.1025641 | I32: ponieważ w naszym przypadku braki danych są całkowicie losowe (MCAR).
A33: 24 | B33: 472 | C33: b.d. | D33: KZ | E33: 0 | F33: =$J$13 -> 3.3333333 | G33: =VLOOKUP(D33,$I$21:$M$24,5,FALSE) -> 3.8709677
A34: 25 | B34: 940 | C34: b.d. | D34: MD | E34: 0 | F34: =$J$13 -> 3.3333333 | G34: =VLOOKUP(D34,$I$21:$M$24,5,FALSE) -> 4.1025641
A35: 26 | B35: 577 | C35: b.d. | D35: KD | E35: 0 | F35: =$J$13 -> 3.3333333 | G35: =VLOOKUP(D35,$I$21:$M$24,5,FALSE) -> 3.9393939
A36: 27 | B36: 786 | C36: b.d. | D36: MD | E36: 0 | F36: =$J$13 -> 3.3333333 | G36: =VLOOKUP(D36,$I$21:$M$24,5,FALSE) -> 4.1025641
A37: 28 | B37: 274 | C37: b.d. | D37: MZ | E37: 0 | F37: =$J$13 -> 3.3333333 | G37: =VLOOKUP(D37,$I$21:$M$24,5,FALSE) -> 3.9007092
A38: 29 | B38: 703 | C38: b.d. | D38: KD | E38: 0 | F38: =$J$13 -> 3.3333333 | G38: =VLOOKUP(D38,$I$21:$M$24,5,FALSE) -> 3.9393939
A39: 30 | B39: 340 | C39: b.d. | D39: MD | E39: 0 | F39: =$J$13 -> 3.3333333 | G39: =VLOOKUP(D39,$I$21:$M$24,5,FALSE) -> 4.1025641
A40: 31 | B40: 322 | C40: b.d. | D40: MZ | E40: 0 | F40: =$J$13 -> 3.3333333 | G40: =VLOOKUP(D40,$I$21:$M$24,5,FALSE) -> 3.9007092
A41: 32 | B41: 960 | C41: b.d. | D41: MD | E41: 0 | F41: =$J$13 -> 3.3333333 | G41: =VLOOKUP(D41,$I$21:$M$24,5,FALSE) -> 4.1025641
A42: 33 | B42: 176 | C42: b.d. | D42: KZ | E42: 0 | F42: =$J$13 -> 3.3333333 | G42: =VLOOKUP(D42,$I$21:$M$24,5,FALSE) -> 3.8709677
A43: 34 | B43: 360 | C43: b.d. | D43: KZ | E43: 0 | F43: =$J$13 -> 3.3333333 | G43: =VLOOKUP(D43,$I$21:$M$24,5,FALSE) -> 3.8709677
A44: 35 | B44: 944 | C44: b.d. | D44: MD | E44: 0 | F44: =$J$13 -> 3.3333333 | G44: =VLOOKUP(D44,$I$21:$M$24,5,FALSE) -> 4.1025641
... A59: 50 | B59: 371 | C59: b.d. | D59: MD | E59: 0 | F59: =$J$13 -> 3.3333333 | G59: =VLOOKUP(D59,$I$21:$M$24,5,FALSE) -> 4.1025641
A60: 51 | B60: 277 | C60: 18 | D60: KD | E60: 1 | F60: =$J$13 -> 3.3333333 | G60: =VLOOKUP(D60,$I$21:$M$24,5,FALSE) -> 3.9393939
A61: 52 | B61: 275 | C61: 30 | D61: MZ | E61: 1 | F61: =$J$13 -> 3.3333333 | G61: =VLOOKUP(D61,$I$21:$M$24,5,FALSE) -> 3.9007092
A62: 53 | B62: 898 | C62: 12 | D62: KD | E62: 1 | F62: =$J$13 -> 3.3333333 | G62: =VLOOKUP(D62,$I$21:$M$24,5,FALSE) -> 3.9393939
A63: 54 | B63: 934 | C63: 12 | D63: MD | E63: 1 | F63: =$J$13 -> 3.3333333 | G63: =VLOOKUP(D63,$I$21:$M$24,5,FALSE) -> 4.1025641
A64: 55 | B64: 762 | C64: 18 | D64: KZ | E64: 1 | F64: =$J$13 -> 3.3333333 | G64: =VLOOKUP(D64,$I$21:$M$24,5,FALSE) -> 3.8709677
A65: 56 | B65: 278 | C65: 12 | D65: MD | E65: 1 | F65: =$J$13 -> 3.3333333 | G65: =VLOOKUP(D65,$I$21:$M$24,5,FALSE) -> 4.1025641
A66: 57 | B66: 27 | C66: 6 | D66: MD | E66: 1 | F66: =$J$13 -> 3.3333333 | G66: =VLOOKUP(D66,$I$21:$M$24,5,FALSE) -> 4.1025641
A67: 58 | B67: 327 | C67: 12 | D67: MD | E67: 1 | F67: =$J$13 -> 3.3333333 | G67: =VLOOKUP(D67,$I$21:$M$24,5,FALSE) -> 4.1025641
A68: 59 | B68: 961 | C68: 6 | D68: MD | E68: 1 | F68: =$J$13 -> 3.3333333 | G68: =VLOOKUP(D68,$I$21:$M$24,5,FALSE) -> 4.1025641
A69: 60 | B69: 118 | C69: 10 | D69: KD | E69: 1 | F69: =$J$13 -> 3.3333333 | G69: =VLOOKUP(D69,$I$21:$M$24,5,FALSE) -> 3.9393939
A70: 61 | B70: 402 | C70: 18 | D70: MD | E70: 1 | F70: =$J$13 -> 3.3333333 | G70: =VLOOKUP(D70,$I$21:$M$24,5,FALSE) -> 4.1025641
A71: 62 | B71: 391 | C71: 18 | D71: MD | E71: 1 | F71: =$J$13 -> 3.3333333 | G71: =VLOOKUP(D71,$I$21:$M$24,5,FALSE) -> 4.1025641
... A309: 300 | B309: 782 | C309: 24 | D309: MD | E309: 1 | F309: =$J$13 -> 3.3333333 | G309: =VLOOKUP(D309,$I$21:$M$24,5,FALSE) -> 4.1025641

Sheet 5.4 Kalibracja wag RAKING
B2: KALIBRACJA WAG - RAKING
B3: Populację generalną stanowi 1000 kredytobiorców z pewnego niemieckiego banku. Wylosowano do próby n = 500 kredytobiorców za pomocą lpbz. W wyniku braków odpowiedzi zbadano nr = 300 klientów. Skala braków była zależna od płci, oceny klienta i jego sytuacji mieszkaniowej. Znana jest struktura populacji w podziale na sytuację mieszkaniową oraz płeć i ocenę klienta, ale bez przekroju tych cech. Ustalone zostaną wagi kalibracyjne stosując raking.
B8: POPULACJA | H8: PRÓBA
B9: Klient | C9: Mieszkanie | H9: Klient | I9: Mieszkanie
C10: własność | D10: wynajem | E10: za darmo | F10: Suma: | I10: własność | J10: wynajem | K10: za darmo | L10: Suma:
B11: MD | C11: ? | D11: ? | E11: ? | F11: =COUNTIF(dane_wagi!$F$2:$F$1001,'5.4 Kalibracja wag RAKING'!B11) -> 499 | H11: MD | I11: =COUNTIFS(dane_wagi!$F$2:$F$301,'5.4 Kalibracja wag RAKING'!$H11,dane_wagi!$G$2:$G$301,'5.4 Kalibracja wag RAKING'!I$10) -> 114 | J11: =COUNTIFS(dane_wagi!$F$2:$F$301,'5.4 Kalibracja wag RAKING'!$H11,dane_wagi!$G$2:$G$301,'5.4 Kalibracja wag RAKING'!J$10) -> 18 | K11: =COUNTIFS(dane_wagi!$F$2:$F$301,'5.4 Kalibracja wag RAKING'!$H11,dane_wagi!$G$2:$G$301,'5.4 Kalibracja wag RAKING'!K$10) -> 12 | L11: =SUM(I11:K11) -> 144
B12: MZ | C12: ? | D12: ? | E12: ? | F12: =COUNTIF(dane_wagi!$F$2:$F$1001,'5.4 Kalibracja wag RAKING'!B12) -> 191 | H12: MZ | I12: =COUNTIFS(dane_wagi!$F$2:$F$301,'5.4 Kalibracja wag RAKING'!$H12,dane_wagi!$G$2:$G$301,'5.4 Kalibracja wag RAKING'!I$10) -> 38 | J12: =COUNTIFS(dane_wagi!$F$2:$F$301,'5.4 Kalibracja wag RAKING'!$H12,dane_wagi!$G$2:$G$301,'5.4 Kalibracja wag RAKING'!J$10) -> 8 | K12: =COUNTIFS(dane_wagi!$F$2:$F$301,'5.4 Kalibracja wag RAKING'!$H12,dane_wagi!$G$2:$G$301,'5.4 Kalibracja wag RAKING'!K$10) -> 9 | L12: =SUM(I12:K12) -> 55
B13: KD | C13: ? | D13: ? | E13: ? | F13: =COUNTIF(dane_wagi!$F$2:$F$1001,'5.4 Kalibracja wag RAKING'!B13) -> 201 | H13: KD | I13: =COUNTIFS(dane_wagi!$F$2:$F$301,'5.4 Kalibracja wag RAKING'!$H13,dane_wagi!$G$2:$G$301,'5.4 Kalibracja wag RAKING'!I$10) -> 42 | J13: =COUNTIFS(dane_wagi!$F$2:$F$301,'5.4 Kalibracja wag RAKING'!$H13,dane_wagi!$G$2:$G$301,'5.4 Kalibracja wag RAKING'!J$10) -> 20 | K13: =COUNTIFS(dane_wagi!$F$2:$F$301,'5.4 Kalibracja wag RAKING'!$H13,dane_wagi!$G$2:$G$301,'5.4 Kalibracja wag RAKING'!K$10) -> 3 | L13: =SUM(I13:K13) -> 65
B14: KZ | C14: ? | D14: ? | E14: ? | F14: =COUNTIF(dane_wagi!$F$2:$F$1001,'5.4 Kalibracja wag RAKING'!B14) -> 109 | H14: KZ | I14: =COUNTIFS(dane_wagi!$F$2:$F$301,'5.4 Kalibracja wag RAKING'!$H14,dane_wagi!$G$2:$G$301,'5.4 Kalibracja wag RAKING'!I$10) -> 18 | J14: =COUNTIFS(dane_wagi!$F$2:$F$301,'5.4 Kalibracja wag RAKING'!$H14,dane_wagi!$G$2:$G$301,'5.4 Kalibracja wag RAKING'!J$10) -> 14 | K14: =COUNTIFS(dane_wagi!$F$2:$F$301,'5.4 Kalibracja wag RAKING'!$H14,dane_wagi!$G$2:$G$301,'5.4 Kalibracja wag RAKING'!K$10) -> 4 | L14: =SUM(I14:K14) -> 36
B15: Suma: | C15: =COUNTIF(dane_wagi!$G$2:$G$1001,'5.4 Kalibracja wag RAKING'!C$10) -> 713 | D15: =COUNTIF(dane_wagi!$G$2:$G$1001,'5.4 Kalibracja wag RAKING'!D$10) -> 179 | E15: =COUNTIF(dane_wagi!$G$2:$G$1001,'5.4 Kalibracja wag RAKING'!E$10) -> 108 | F15: =SUM(C15:E15) -> 1000 | H15: Suma: | I15: =SUM(I11:I14) -> 212 | J15: =SUM(J11:J14) -> 60 | K15: =SUM(K11:K14) -> 28 | L15: =SUM(L11:L14) -> 300
B17: Oszacowana liczba klientów (wyłącznie na podstawie informacji z próby):
B18: Klient | C18: Mieszkanie | K18: N | L18: 1000
C19: własność | D19: wynajem | E19: za darmo | F19: Suma: | K19: n | L19: 500
B20: MD | C20: =I11*$L$21 -> 380 | D20: =J11*$L$21 -> 60 | E20: =K11*$L$21 -> 40 | F20: =SUM(C20:E20) -> 480 | K20: nr | L20: 300
B21: MZ | C21: =I12*$L$21 -> 126.66667 | D21: =J12*$L$21 -> 26.666667 | E21: =K12*$L$21 -> 30 | F21: =SUM(C21:E21) -> 183.33333 | K21: di | L21: =L18/L20 -> 3.3333333
B22: KD | C22: =I13*$L$21 -> 140 | D22: =J13*$L$21 -> 66.666667 | E22: =K13*$L$21 -> 10 | F22: =SUM(C22:E22) -> 216.66667
B23: KZ | C23: =I14*$L$21 -> 60 | D23: =J14*$L$21 -> 46.666667 | E23: =K14*$L$21 -> 13.333333 | F23: =SUM(C23:E23) -> 120
B24: Suma: | C24: =SUM(C20:C23) -> 706.66667 | D24: =SUM(D20:D23) -> 200 | E24: =SUM(E20:E23) -> 93.333333
B26: Krok 1 | H26: Krok 2
B27: Klient | C27: Mieszkanie | H27: Klient | I27: Mieszkanie
C28: własność | D28: wynajem | E28: za darmo | F28: Suma: | I28: własność | J28: wynajem | K28: za darmo | L28: Suma:
B29: MD | C29: =C20*$F11/$F20 -> 395.04167 | D29: =D20*$F11/$F20 -> 62.375 | E29: =E20*$F11/$F20 -> 41.583333 | F29: =SUM(C29:E29) -> 499 | H29: MD | I29: =C29*C$15/C$33 -> 395.94004 | J29: =D29*D$15/D$33 -> 57.436175 | K29: =E29*E$15/E$33 -> 47.662048 | L29: =SUM(I29:K29) -> 501.03827
B30: MZ | C30: =C21*$F12/$F21 -> 131.96364 | D30: =D21*$F12/$F21 -> 27.781818 | E30: =E21*$F12/$F21 -> 31.254545 | F30: =SUM(C30:E30) -> 191 | H30: MZ | I30: =C30*C$15/C$33 -> 132.26374 | J30: =D30*D$15/D$33 -> 25.582066 | K30: =E30*E$15/E$33 -> 35.823382 | L30: =SUM(I30:K30) -> 193.66919
B31: KD | C31: =C22*$F13/$F22 -> 129.87692 | D31: =D22*$F13/$F22 -> 61.846154 | E31: =E22*$F13/$F22 -> 9.2769231 | F31: =SUM(C31:E31) -> 201 | H31: KD | I31: =C31*C$15/C$33 -> 130.17228 | J31: =D31*D$15/D$33 -> 56.949203 | K31: =E31*E$15/E$33 -> 10.633038 | L31: =SUM(I31:K31) -> 197.75452
B32: KZ | C32: =C23*$F14/$F23 -> 54.5 | D32: =D23*$F14/$F23 -> 42.388889 | E32: =E23*$F14/$F23 -> 12.111111 | F32: =SUM(C32:E32) -> 109 | H32: KZ | I32: =C32*C$15/C$33 -> 54.62394 | J32: =D32*D$15/D$33 -> 39.032556 | K32: =E32*E$15/E$33 -> 13.881532 | L32: =SUM(I32:K32) -> 107.53803
B33: Suma: | C33: =SUM(C29:C32) -> 711.38223 | D33: =SUM(D29:D32) -> 194.39186 | E33: =SUM(E29:E32) -> 94.225913 | H33: Suma: | I33: =SUM(I29:I32) -> 713 | J33: =SUM(J29:J32) -> 179 | K33: =SUM(K29:K32) -> 108
B35: Krok 3 | H35: Krok 4 | I35: OSZACOWANIE POPULACJI
B36: Klient | C36: Mieszkanie | H36: Klient | I36: Mieszkanie
C37: własność | D37: wynajem | E37: za darmo | F37: Suma: | I37: własność | J37: wynajem | K37: za darmo | L37: Suma:
B38: MD | C38: =I29*$F11/$L29 -> 394.32932 | D38: =J29*$F11/$L29 -> 57.20252 | E38: =K29*$F11/$L29 -> 47.468155 | F38: =SUM(C38:E38) -> 499 | H38: MD | I38: =C38*C$15/C$42 -> 394.63632 | J38: =D38*D$15/D$42 -> 56.922979 | K38: =E38*E$15/E$42 -> 47.611162 | L38: =SUM(I38:K38) -> 499.17046
B39: MZ | C39: =I30*$F12/$L30 -> 130.44085 | D39: =J30*$F12/$L30 -> 25.229489 | E39: =K30*$F12/$L30 -> 35.329657 | F39: =SUM(C39:E39) -> 191 | H39: MZ | I39: =C39*C$15/C$42 -> 130.5424 | J39: =D39*D$15/D$42 -> 25.106196 | K39: =E39*E$15/E$42 -> 35.436095 | L39: =SUM(I39:K39) -> 191.08469
B40: KD | C40: =I31*$F13/$L31 -> 132.30862 | D40: =J31*$F13/$L31 -> 57.883834 | E40: =K31*$F13/$L31 -> 10.807544 | F40: =SUM(C40:E40) -> 201 | H40: KD | I40: =C40*C$15/C$42 -> 132.41163 | J40: =D40*D$15/D$42 -> 57.600964 | K40: =E40*E$15/E$42 -> 10.840103 | L40: =SUM(I40:K40) -> 200.85269
B41: KZ | C41: =I32*$F14/$L32 -> 55.366549 | D41: =J32*$F14/$L32 -> 39.563201 | E41: =K32*$F14/$L32 -> 14.07025 | F41: =SUM(C41:E41) -> 109 | H41: KZ | I41: =C41*C$15/C$42 -> 55.409653 | J41: =D41*D$15/D$42 -> 39.369861 | K41: =E41*E$15/E$42 -> 14.11264 | L41: =SUM(I41:K41) -> 108.89215
B42: Suma: | C42: =SUM(C38:C41) -> 712.44535 | D42: =SUM(D38:D41) -> 179.87904 | E42: =SUM(E38:E41) -> 107.67561 | H42: Suma: | I42: =SUM(I38:I41) -> 713 | J42: =SUM(J38:J41) -> 179 | K42: =SUM(K38:K41) -> 108 | L42: =SUM(I42:K42) -> 1000
B44: WAGI KALIBRACYJNE
B45: Klient | C45: Mieszkanie
C46: własność | D46: wynajem | E46: za darmo
B47: MD | C47: =$L$21*I38/C20 -> 3.4617221 | D47: =$L$21*J38/D20 -> 3.1623877 | E47: =$L$21*K38/E20 -> 3.9675968
B48: MZ | C48: =$L$21*I39/C21 -> 3.4353264 | D48: =$L$21*J39/D21 -> 3.1382745 | E48: =$L$21*K39/E21 -> 3.9373439
B49: KD | C49: =$L$21*I40/C22 -> 3.1526578 | D49: =$L$21*J40/D22 -> 2.8800482 | E49: =$L$21*K40/E22 -> 3.6133678
B50: KZ | C50: =$L$21*I41/C23 -> 3.078314 | D50: =$L$21*J41/D23 -> 2.8121329 | E50: =$L$21*K41/E23 -> 3.5281599
B52: Otrzymane wagi mieszczą się w przedziale od 2,8 do 4,0, co oznacza, że każda jednostka w próbie reprezentuje średnio około od 2,8 do 4,0 osób z populacji generalnej w zależności od warstwy.
B53: np. waga MD własność = 3,5 oznacza, że klient posiadający mieszkanie na własność, który jest mężczyzną o dobrej ocenia reprezentuje w próbie 3,5 jednostek z populacji.
B55: Tabela przedstawia 300 kompletnych obserwacji, pozostałe 200 uzyskały braki danych.
B56: Oszacujemy sumę czasu trwania kredytów dla całej populacji na podstawie wyznaczonych wag kalibracyjnych.
C57: Y
A58: i | B58: k | C58: czas trwania | D58: klient | E58: mieszkanie | F58: di | G58: whi
A59: 1 | B59: 608 | C59: 36 | D59: KZ | E59: =VLOOKUP(B59,Dane!$A$1:$G$1001,6,FALSE) -> za darmo | F59: =$L$18/$L$19 -> 2 | G59: =INDEX($C$47:$E$50, MATCH(D59, $B$47:$B$50, 0), MATCH(E59, $C$46:$E$46, 0)) -> 3.5281599 | I59: Szacunek sumy z wykorzystaniem wag kalibracyjnych:
A60: 2 | B60: 388 | C60: 18 | D60: MD | E60: =VLOOKUP(B60,Dane!$A$1:$G$1001,6,FALSE) -> własność | F60: =$L$18/$L$19 -> 2 | G60: =INDEX($C$47:$E$50, MATCH(D60, $B$47:$B$50, 0), MATCH(E60, $C$46:$E$46, 0)) -> 3.4617221 | I60: ŷ | J60: =SUMPRODUCT(C59:C358,G59:G358) -> 21301.823
A61: 3 | B61: 385 | C61: 30 | D61: MD | E61: =VLOOKUP(B61,Dane!$A$1:$G$1001,6,FALSE) -> własność | F61: =$L$18/$L$19 -> 2 | G61: =INDEX($C$47:$E$50, MATCH(D61, $B$47:$B$50, 0), MATCH(E61, $C$46:$E$46, 0)) -> 3.4617221
A62: 4 | B62: 453 | C62: 12 | D62: MD | E62: =VLOOKUP(B62,Dane!$A$1:$G$1001,6,FALSE) -> własność | F62: =$L$18/$L$19 -> 2 | G62: =INDEX($C$47:$E$50, MATCH(D62, $B$47:$B$50, 0), MATCH(E62, $C$46:$E$46, 0)) -> 3.4617221 | I62: Oszacowano łączny czas trwania kredytów na około 21301,82 miesięcy.
A63: 5 | B63: 169 | C63: 24 | D63: KD | E63: =VLOOKUP(B63,Dane!$A$1:$G$1001,6,FALSE) -> wynajem | F63: =$L$18/$L$19 -> 2 | G63: =INDEX($C$47:$E$50, MATCH(D63, $B$47:$B$50, 0), MATCH(E63, $C$46:$E$46, 0)) -> 2.8800482
A64: 6 | B64: 811 | C64: 8 | D64: MD | E64: =VLOOKUP(B64,Dane!$A$1:$G$1001,6,FALSE) -> własność | F64: =$L$18/$L$19 -> 2 | G64: =INDEX($C$47:$E$50, MATCH(D64, $B$47:$B$50, 0), MATCH(E64, $C$46:$E$46, 0)) -> 3.4617221
A65: 7 | B65: 564 | C65: 36 | D65: MZ | E65: =VLOOKUP(B65,Dane!$A$1:$G$1001,6,FALSE) -> za darmo | F65: =$L$18/$L$19 -> 2 | G65: =INDEX($C$47:$E$50, MATCH(D65, $B$47:$B$50, 0), MATCH(E65, $C$46:$E$46, 0)) -> 3.9373439
A66: 8 | B66: 802 | C66: 18 | D66: KD | E66: =VLOOKUP(B66,Dane!$A$1:$G$1001,6,FALSE) -> wynajem | F66: =$L$18/$L$19 -> 2 | G66: =INDEX($C$47:$E$50, MATCH(D66, $B$47:$B$50, 0), MATCH(E66, $C$46:$E$46, 0)) -> 2.8800482
A67: 9 | B67: 136 | C67: 12 | D67: KD | E67: =VLOOKUP(B67,Dane!$A$1:$G$1001,6,FALSE) -> własność | F67: =$L$18/$L$19 -> 2 | G67: =INDEX($C$47:$E$50, MATCH(D67, $B$47:$B$50, 0), MATCH(E67, $C$46:$E$46, 0)) -> 3.1526578
A68: 10 | B68: 597 | C68: 24 | D68: KZ | E68: =VLOOKUP(B68,Dane!$A$1:$G$1001,6,FALSE) -> wynajem | F68: =$L$18/$L$19 -> 2 | G68: =INDEX($C$47:$E$50, MATCH(D68, $B$47:$B$50, 0), MATCH(E68, $C$46:$E$46, 0)) -> 2.8121329
A69: 11 | B69: 256 | C69: 60 | D69: MD | E69: =VLOOKUP(B69,Dane!$A$1:$G$1001,6,FALSE) -> własność | F69: =$L$18/$L$19 -> 2 | G69: =INDEX($C$47:$E$50, MATCH(D69, $B$47:$B$50, 0), MATCH(E69, $C$46:$E$46, 0)) -> 3.4617221
A70: 12 | B70: 255 | C70: 9 | D70: MD | E70: =VLOOKUP(B70,Dane!$A$1:$G$1001,6,FALSE) -> własność | F70: =$L$18/$L$19 -> 2 | G70: =INDEX($C$47:$E$50, MATCH(D70, $B$47:$B$50, 0), MATCH(E70, $C$46:$E$46, 0)) -> 3.4617221
A71: 13 | B71: 421 | C71: 15 | D71: KD | E71: =VLOOKUP(B71,Dane!$A$1:$G$1001,6,FALSE) -> wynajem | F71: =$L$18/$L$19 -> 2 | G71: =INDEX($C$47:$E$50, MATCH(D71, $B$47:$B$50, 0), MATCH(E71, $C$46:$E$46, 0)) -> 2.8800482
A72: 14 | B72: 573 | C72: 24 | D72: KD | E72: =VLOOKUP(B72,Dane!$A$1:$G$1001,6,FALSE) -> wynajem | F72: =$L$18/$L$19 -> 2 | G72: =INDEX($C$47:$E$50, MATCH(D72, $B$47:$B$50, 0), MATCH(E72, $C$46:$E$46, 0)) -> 2.8800482
A73: 15 | B73: 294 | C73: 42 | D73: MD | E73: =VLOOKUP(B73,Dane!$A$1:$G$1001,6,FALSE) -> za darmo | F73: =$L$18/$L$19 -> 2 | G73: =INDEX($C$47:$E$50, MATCH(D73, $B$47:$B$50, 0), MATCH(E73, $C$46:$E$46, 0)) -> 3.9675968
A74: 16 | B74: 17 | C74: 24 | D74: MD | E74: =VLOOKUP(B74,Dane!$A$1:$G$1001,6,FALSE) -> własność | F74: =$L$18/$L$19 -> 2 | G74: =INDEX($C$47:$E$50, MATCH(D74, $B$47:$B$50, 0), MATCH(E74, $C$46:$E$46, 0)) -> 3.4617221
... A358: 300 | B358: 782 | C358: 24 | D358: MD | E358: =VLOOKUP(B358,Dane!$A$1:$G$1001,6,FALSE) -> własność | F358: =$L$18/$L$19 -> 2 | G358: =INDEX($C$47:$E$50, MATCH(D358, $B$47:$B$50, 0), MATCH(E358, $C$46:$E$46, 0)) -> 3.4617221
